substance_id,name
1,"(3s,10s,14s)-1-[4-[[(2s)-4-Carboxy-2-[(2s)-4-Carboxy-2-(6-[18f] Fluoropyridin-3-Amido)butanamido]but"
2,"3,3-Diphosphono-1,2-Propanedicarboxylic Acid, Tetrasodium Salt (Dpd)"
3,Abacavir
4,"Abacavir, Lamivudine"
5,Abiraterone Acetate
6,Aceclofenac
7,Acemetacin
8,Acenocoumarol
9,Acetazolamide
10,Acetic Acid
11,"Acetic Acid, Glacial, Sodium Hydrogen Carbonate, Magnesium Chloride Hexahydrate, Potassium Chloride,"
12,Acetylcholine Chloride
13,Acetylcysteine
14,Acetylsalicylic Acid
15,"Acetylsalicylic Acid, Aluminium Hydroxide Gel, Dried, Magnesium Hydroxide"
16,"Acetylsalicylic Acid, Rosuvastatin"
17,"Acetylsalicylic Acid, Rosuvastatin Calcium"
18,Aciclovir
19,"Aciclovir, Hydrocortisone"
20,Adapalene
21,"Adapalene, Anhydrous Benzoyl Peroxide"
22,"Adapalene, Benzoyl Peroxide"
23,Adenosine
24,Afatinib
25,Alanyl Glutamine
26,Albendazole
27,Alendronate Sodium
28,Alendronate Sodium Trihydrate
29,Alendronic Acid
30,"Alendronic Acid, Colecalciferol"
31,Alfacalcidol
32,Alfuzosin Hydrochloride
33,"Algeldrate, Inactivated Hepatitis A Virus (Gbm Strain)"
34,Alkanna Tinctoria Oily Extract
35,Allopurinol
36,Almotriptan
37,Alprazolam
38,Alprostadil
39,Alteplase
40,"Aluminium Oxide, Magnesium Hydroxide"
41,"Aluminium Phosphate, Diphtheria Toxoid Adsorbed On Aluminium Hydroxide, Hydrated And Aluminium Phosp"
42,"Aluminium Phosphate, Diphtheria Toxoid, Tetanus Toxoid, Pertussis Toxoid, Pertussis Filamentous Haem"
43,"Aluminium, Hepatitis A Virus (Strain Cr 326f) (Inactivated) Produced On Human Diploid (Mrc–5) Fibrob"
44,Amantadine Hydrochloride
45,Ambrisentan
46,Ambroxol Hydrochloride
47,Amikacin
48,Amikacin Sulfate
49,"Amiloride Hydrochloride, Furosemide"
50,"Amiloride Hydrochloride, Hydrochlorothiazide"
51,Aminophylline
52,Aminophylline Dihydrate
53,Amiodarone Hydrochloride
54,Amisulpride
55,"Amitriptyline Hydrochloride, Perphenazine"
56,Amlodipine
57,Amlodipine Besilate
58,"Amlodipine Besilate, Candesartan Cilexetil"
59,"Amlodipine Besilate, Nebivolol Hydrochloride"
60,"Amlodipine Besilate, Perindopril Arginine"
61,"Amlodipine Besilate, Perindopril Arginine, Atorvastatin Calcium Trihydrate"
62,"Amlodipine, Hydrochlorothiazide, Candesartan Cilexetil"
63,"Amlodipine, Hydrochlorothiazide, Irbesartan"
64,"Amlodipine, Hydrochlorothiazide, Ramipril"
65,"Amlodipine, Indapamide, Perindopril Arginine"
66,"Amlodipine, Irbesartan"
67,"Amlodipine, Perindopril Arginine"
68,"Amlodipine, Ramipril"
69,"Amlodipine, Telmisartan"
70,Amorolfine Hydrochloride
71,Amoxicillin
72,Amoxicillin Trihydrate
73,"Amoxicillin Trihydrate, Potassium Clavulanate"
74,"Amoxicillin, Clavulanic Acid"
75,Amphotericin B
76,"Amphotericine B, Liposome"
77,Ampicillin
78,Ampicillin Sodium
79,"Ampicillin, Sulbactam"
80,"Amylmetacresol, 2,4 Dichlorobenzyl Alcohol"
81,"Amylmetacresol, Lidocaine, 2,4 Dichlorobenzyl Alcohol"
82,Anagrelide
83,"Anamirta Cocculus D4, Conium Maculatum D3, Ambra Grisea D6, Petroleum Rectificatum D8"
84,Anastrozole
85,Anhydrous Zoledronic Acid
86,Anidulafungin
87,Aniracetam
88,"Anti-T Lymphocyte Immunoglobulin For Human Use, Rabbit"
89,Antithrombin Iii
90,Apixaban
91,Apomorphine Hydrochloride Hemihydrate
92,Apraclonidine
93,Apremilast
94,Aprepitant
95,"Aprotinin, Human Fibrinogen, Calcium Chloride Dihydrate, Human Thrombin, Human Coagulation Factor Xi"
96,Argipressin
97,Aripiprazole
98,"Articaine Hydrochloride, Epinephrine"
99,"Articaine Hydrochloride, Epinephrine Bitartrate"
100,Ascorbic Acid
101,"Ascorbic Acid, Acetylsalicylic Acid"
102,"Ascorbic Acid, Calcium Pantothenate, Cyanocobalamin, Nicotinamide, Riboflavin, Thiamine Nitrate, Pyr"
103,"Ascorbic Acid, Colecalciferol, Cyanocobalamin, Folic Acid, Nicotinamide, Thiamine, Pantothenic Acid,"
104,"Ascorbic Acid, Dry Ruscus Extract Titrated In Sterolic Heterosides (Sh), Hesperidin Methyl Chalcone"
105,"Ascorbic Acid, Ergocalciferol, Calcium Carbonate, Pyridoxine Hydrochloride, Citric Acid"
106,"Ascorbic Acid, Paracetamol"
107,"Aspartic Acid, Glycine, Magnesium Chloride Hexahydrate, Potassium Chloride, Calcium Chloride Dihydra"
108,Atenolol
109,"Atenolol, Chlortalidone"
110,Atomoxetine
111,Atomoxetine Hydrochloride
112,Atorvastatin
113,Atorvastatin Calcium
114,Atorvastatin Calcium Trihydrate
115,"Atorvastatin Calcium, Ezetimibe"
116,"Atorvastatin, Ezetimibe"
117,Atovaquone
118,Atropine Sulfate
119,Atropine Sulfate Monohydrate
120,"Avena Sativa D2, Passiflora Incarnata D2, Zincum Isovalerianicum D4, Coffea Arabica D12"
121,Axitinib
122,Azacitidine
123,Azathioprine
124,Azelaic Acid
125,Azelastine Hydrochloride
126,"Azelastine Hydrochloride, Fluticasone Propionate"
127,Azidamfenicol
128,Azithromycin
129,Azithromycin Dihydrate
130,"B/Phuket/3073/2013-Like Virus (B/Phuket/3073/2013, Wild Type), Influenza Virus B/Austria/1359417/202"
131,"B/Phuket/3073/2013-Like Virus (B/Phuket/3073/2013, Wild Type), Influenza Virus B/Michigan/01/2021, I"
132,"Bacillus Calmette-Guérin (Bcg), Tice"
133,"Bacitracin Zinc, Neomycin Sulfate, Polymyxin B Sulfate"
134,"Bacitracin, Neomycin"
135,"Bacitracin, Papain, Lysozyme Hydrochloride"
136,Baclofen
137,Beclometasone Dipropionate
138,Beclometasone Dipropionate Anhydrous
139,"Beclometasone Dipropionate, Formoterol Fumarate Dihydrate"
140,"Bellis Perennis D2, Echinacea D2, Hypericum Perforatum D2, Mercurius Solubilis Hahnemanni D 8, Achil"
141,Bemiparin Sodium
142,Benazepril Hydrochloride
143,Bendamustine Hydrochloride
144,"Benserazide Hydrochloride, Levodopa"
145,Benzalkonium Chloride
146,"Benzalkonium Chloride, Dexamethasone Sodium Phosphate"
147,"Benzalkonium Chloride, Isopropyl Alcohol"
148,"Benzocaine, Cetylpyridinium Chloride"
149,Benzydamine Hydrochloride
150,"Benzydamine Hydrochloride, Cetylpyridinium Chloride Monohydrate"
151,Benzyl Benzoate
152,Benzylpenicillin Sodium
153,Betahistine Dihydrochloride
154,Betahistine Mesilate
155,Betaine Citrate
156,Betamethasone
157,"Betamethasone Acetate, Betamethasone Sodium Phosphate"
158,Betamethasone Dipropionate
159,"Betamethasone Dipropionate, Betamethasone Sodium Phosphate"
160,"Betamethasone Dipropionate, Gentamicin"
161,Betamethasone Valerate
162,"Betamethasone Valerate, Fusidic Acid"
163,"Betamethasone Valerate, Gentamicin Sulfate"
164,"Betamethasone, Calcipotriol"
165,Betaxolol Hydrochloride
166,Betiatide
167,Bicalutamide
168,Bifonazole
169,Bilastine
170,Bilastine Monohydrate
171,Bimatoprost
172,Biperiden Hydrochloride
173,Biperiden Lactate
174,Bisacodyl
175,Bismuth Oxide
176,Bisoprolol Fumarate
177,"Bisoprolol Fumarate, Acetylsalicylic Acid"
178,"Bisoprolol Fumarate, Amlodipine"
179,"Bisoprolol Fumarate, Hydrochlorothiazide"
180,"Bisoprolol Fumarate, Perindopril Arginine"
181,"Bisoprolol Fumarate, Ramipril"
182,Bisoprolol Hemifumarate
183,Bortezomib
184,Bosentan
185,Bosentan Monohydrate
186,Botulinum Toxin Type A
187,Botulinum Toxin Type A - Haemagglutinin Complex
188,Brimonidine Tartrate
189,Brinzolamide
190,"Brinzolamide, Brimonidine Tartrate"
191,"Brinzolamide, Timolol"
192,Brivaracetam
193,Brivudine
194,Bromazepam
195,Bromhexine Hydrochloride
196,Budesonide
197,"Budesonide, Formoterol Fumarate Dihydrate"
198,"Budesonide, Salmeterol"
199,Bumetanide
200,"Bupivacaine Hydrochloride, Anhydrous"
201,Buprenorphine
202,"Buprenorphine, Naloxone"
203,Bupropion Hydrochloride
204,Buserelin Acetate
205,Buspirone
206,Buspirone Hydrochloride
207,Butamirate Citrate
208,C1 Esterase Inhibitor (Human)
209,Cabazitaxel
210,Cabazitaxel 2-Propanol Solvate
211,Cabergoline
212,Calcifediol Monohydrate
213,Calcipotriol
214,"Calcipotriol, Anhydrous"
215,Calcitonin (Salmon)
216,Calcitriol
217,Calcium
218,Calcium Acetate
219,Calcium Carbonate
220,"Calcium Carbonate, Calcium Lactate Gluconate"
221,"Calcium Carbonate, Cholecalciferol Concentrate"
222,Calcium Chloride Dihydrate
223,"Calcium Chloride Hexahydrate, Sodium Iodide"
224,"Calcium Chloride, Icodextrin, Sodium Chloride, Magnesium Chloride, Sodium-L-Lactate"
225,Calcium Dobesilate
226,Calcium Folinate
227,Calcium Folinate Hydrate
228,Calcium Folinate Pentahydrate
229,"Calcium Folinate, Iron Protein Acetyl Aspartate"
230,Calcium Gluconate
231,Calcium Gluconate Monohydrate
232,"Calcium Phosphate, Tribasic"
233,"Calcium, Glucose, Lactic Acid, Magnesium, Potassium, Sodium, Chloride Ion, Hydrogen Carbonate"
234,"Calcium, Lactic Acid, Magnesium, Sodium, Chloride Ion, Hydrogen Carbonate"
235,"Calcium, Magnesium, Potassium, Sodium, Chloride Ion, Hydrogen Phosphate, Hydrogen Carbonate"
236,Camellia Sinensis (Green Tea) Leaf Extract
237,Candesartan Cilexetil
238,"Candesartan, Hydrochlorothiazide"
239,"Cannabinol, Dronabinol"
240,Capecitabine
241,Capsaicin
242,Capsicum Annuum
243,Captopril
244,"Captopril, Hydrochlorothiazide"
245,Carbamazepine
246,Carbetocin
247,Carbimazole
248,Carbocisteine
249,Carbocisteine Lysine
250,"Carbocisteine, Sobrerol"
251,Carbomer
252,Carbomer 974p
253,Carbomer 980
254,Carbon Dioxide
255,Carboplatin
256,Carglumic Acid
257,Carmellose Sodium
258,Carmustine
259,Carnitine
260,Carvedilol
261,Caspofungin
262,Cayenne Pepper Soft Extract
263,Cefaclor
264,Cefaclor Monohydrate
265,Cefatrizine
266,Cefazolin Sodium
267,Cefditoren Pivoxil
268,Cefepime
269,Cefepime Dihydrochloride Monohydrate
270,Cefepime Hydrochloride
271,Cefixime
272,"Ceforanide, L-Lysine"
273,Cefotaxime
274,Cefotaxime Sodium
275,"Cefotaxime Sodium, Lidocaine Hydrochloride"
276,Cefoxitin Sodium
277,Cefpodoxime Proxetil
278,Cefprozil
279,Ceftazidime
280,Ceftazidime Pentahydrate
281,Ceftriaxone
282,Ceftriaxone Disodium Salt Hemiheptahydrate
283,Ceftriaxone Sodium
284,Ceftriaxone Sodium Sesquaterhydrate
285,Cefuroxime
286,Cefuroxime Axetil
287,Cefuroxime Sodium
288,Celecoxib
289,Celiprolol Hydrochloride
290,"Centaury, Powder, Lovage Root, Powder, Rosemary Leaf, Powder"
291,Centella Asiatica Extract
292,Cetirizine Dihydrochloride
293,"Cetrimide, Lidocaine"
294,Cetrorelix
295,"Cetylpyridinium Chloride, Lidocaine Hydrochloride"
296,Chloramphenicol
297,Chloramphenicol Sodium Succinate
298,"Chloramphenicol, Dexamethasone"
299,Chlordiazepoxide Hydrochloride
300,"Chlordiazepoxide, Clidinium Bromide"
301,Chlorhexidine Gluconate
302,"Chlorhexidine Gluconate, Lidocaine"
303,"Chlorhexidine Gluconate, Lidocaine Hydrochloride Monohydrate, Tyrothricin"
304,"Chlormadinone Acetate, Ethinylestradiol"
305,Chloroprocaine Hydrochloride
306,Chloroquine Phosphate
307,Chloroxylenol
308,Chlorphenamine Maleate
309,"Chlorphenamine Maleate, Paracetamol"
310,"Chlorphenamine Maleate, Pseudoephedrine Hydrochloride, Paracetamol"
311,"Chlorphenamine Maleate, Sodium Cromoglicate"
312,Chlorpromazine Hydrochloride
313,Chlortalidone
314,Cholecalciferol Concentrate (Powder Form)
315,"Choline Salicylate, Cetalkonium Chloride"
316,Choline Theophyllinate
317,Chondroitin Sulfate Sodium
318,Ciclesonide
319,Ciclopirox
320,Ciclopirox Olamine
321,Ciclosporin
322,"Cilastatin Sodium, Imipenem Monohydrate"
323,"Cilastatin, Imipenem"
324,Cilazapril
325,Cilazapril Monohydrate
326,"Cilazapril, Hydrochlorothiazide"
327,Cilostazol
328,Cimetidine
329,Cinacalcet
330,Cinacalcet Hydrochloride
331,Cinchocaine Hydrochloride
332,"Cinchocaine Hydrochloride, Hexachlorophene, Prednisolone, Undecylenic Acid"
333,"Cinchocaine Hydrochloride, Hydrocortisone"
334,"Cinchocaine Hydrochloride, Prednisolone Caproate"
335,"Cinnarizine, Dimenhydrinate"
336,Ciprofloxacin
337,Ciprofloxacin Hydrated
338,Ciprofloxacin Hydrochloride
339,Ciprofloxacin Hydrochloride Monohydrate
340,Ciprofloxacin Lactate
341,"Ciprofloxacin, Fluocinolone"
342,"Ciprofloxacin, Hydrocortisone"
343,Cisatracurium
344,Cisplatin
345,Citalopram
346,Citalopram Hydrobromide
347,Citalopram Hydrochloride
348,Cladribine
349,Clarithromycin
350,"Clidinium Bromide, Diazepam"
351,Clindamycin
352,Clindamycin Hydrochloride
353,Clindamycin Phosphate
354,"Clindamycin, Benzoyl Peroxide"
355,"Clindamycin, Tretinoin"
356,"Clioquinol, Fluocinolone Acetonide"
357,Clobazam
358,Clobetasol Propionate
359,Clofarabine
360,Clomifene Citrate
361,Clomipramine Hydrochloride
362,Clonidine Hydrochloride
363,Clopidogrel
364,Clopidogrel Besilate
365,"Clostridium Botulinum Neurotoxin Type A (150kd), Free Of Complexing Proteins"
366,Clotrimazole
367,"Clotrimazole, Dexamethasone"
368,"Clotrimazole, Metronidazole"
369,Cloxacillin
370,Clozapine
371,Coal Tar Solution
372,"Codeine Phosphate, Ephedrine Hydrochloride"
373,Colchicine
374,Colecalciferol
375,Colecalciferol Concentrate (Oily Form)
376,"Colecalciferol, Calcium"
377,"Colecalciferol, Calcium Carbonate"
378,Colistimethate Sodium
379,Colistin Mesilate Sodium
380,Copper Tetramibi Tetrafluoroborate
381,Crystalline Glucosamine Sulfate
382,"Cyanocobalamin, Folic Acid"
383,"Cyanocobalamin, Thiamine Nitrate, Pyridoxine Hydrochloride"
384,Cyclopentolate Hydrochloride
385,Cyclophosphamide Monohydrate
386,Cyproterone Acetate
387,Cytarabine
388,Cytisinicline
389,D-Penicillamine
390,Dabigatran Etexilate
391,Dabigatran Etexilate Mesilate
392,Dacarbazine
393,Dalbavancin
394,Danaparoid Sodium
395,Dapagliflozin
396,Dapoxetine
397,Daptomycin
398,Darunavir
399,Dasatinib
400,Deferasirox
401,Deferiprone
402,Deferoxamine Mesilate
403,"Delapril Hydrochloride, Manidipine Dihydrochloride"
404,Deoxycholic Acid
405,Desflurane
406,Desloratadine
407,Desmopressin
408,Desmopressin Acetate
409,Desogestrel
410,"Desogestrel, Ethinylestradiol"
411,Desvenlafaxine
412,Dexamethasone
413,"Dexamethasone Isonicotinate, Oxymetazoline Hydrochloride"
414,"Dexamethasone Isonicotinate, Tramazoline Hydrochloride"
415,Dexamethasone Phosphate
416,Dexamethasone Sodium Phosphate
417,"Dexamethasone Sodium Phosphate, Chloramphenicol"
418,"Dexamethasone Sodium Phosphate, Clotrimazole"
419,"Dexamethasone Sodium Phosphate, Gentamicin Sulfate"
420,"Dexamethasone Sodium Phosphate, Neomycin Sulfate"
421,"Dexamethasone Sodium Phosphate, Urea"
422,"Dexamethasone, Ciprofloxacin"
423,"Dexamethasone, Levofloxacin"
424,"Dexamethasone, Tobramycin"
425,Dexibuprofen
426,Dexketoprofen
427,Dexmedetomidine
428,Dexmedetomidine Hydrochloride
429,Dexpanthenol
430,"Dexpanthenol, Retinol"
431,"Dextran 70, Hypromellose"
432,Dextropropoxyphene Hydrochloride
433,Diacerein
434,Diazepam
435,Diclofenac
436,Diclofenac Diethylamine
437,Diclofenac Epolamine
438,Diclofenac Potassium
439,Diclofenac Sodium
440,"Diclofenac Sodium, Omeprazole"
441,"Diclofenac Sodium, Thiocolchicoside"
442,Dienogest
443,"Dienogest, Estradiol Valerate"
444,"Diflucortolone Valerate, Isoconazole Nitrate"
445,Digoxin
446,Dihydroergotamine Mesilate
447,Diltiazem Hydrochloride
448,Dimenhydrinate
449,"Dimenhydrinate, Nicotinic Acid, Pyridoxine Hydrochloride"
450,"Dimenhydrinate, Sodium Nicotinate, Pyridoxine Hydrochloride"
451,Dimercaptosuccinic Acid
452,Dimethyl Fumarate
453,"Dimeticone, Aluminium Oxide, Magnesium Hydroxide"
454,"Dimeticone, Loperamide Hydrochloride"
455,"Dimeticone, Magnesium Hydroxide, Aluminium Hydroxide"
456,Dimetindene Maleate
457,"Dimetindene Maleate, Phenylephrine"
458,Dinoprostone
459,Diosmectite
460,Diosmin
461,"Diosmin, Hesperidin"
462,"Diosmin, Micronized"
463,"Diphenhydramine Hydrochloride, Paracetamol"
464,"Diphtheria Toxoid, Tetanus Toxoid"
465,"Diphtheria Toxoid, Tetanus Toxoid, Haemophilus Type B Conjugate Vaccine (Tetanus Toxoid Conjugate), "
466,"Diphtheria Toxoid, Tetanus Toxoid, Pertussis Toxoid, Pertussis Filamentous Haemagglutinin, Pertussis"
467,"Diphtheria Toxoid, Tetanus Toxoid, Pertussis Toxoid, Pertussis Filamentous Haemagglutinin, Polioviru"
468,Dipotassium Clorazepate
469,"Dipotassium Phosphate, Glycine, Magnesium Chloride Hexahydrate, Sodium Chloride, Calcium Chloride Di"
470,Dipyridamole
471,"Disodium Phosphate Dodecahydrate, Sodium Dihydrogen Phosphate Dihydrate"
472,Dl-Alpha Tocopherol Acetate
473,Dobutamine
474,Docetaxel
475,"Doconexent, Eicosapentanoic Acid/Docosahexaenoic Acid"
476,"Doconexent, Icosapent"
477,"Doconexent, Vitamin D, Icosapent, Retinol"
478,Domperidone
479,Donepezil
480,Donepezil Hydrochloride
481,Dopamine Hydrochloride
482,Dornase Alfa
483,Dorzolamide
484,Dorzolamide Hydrochloride
485,"Dorzolamide Hydrochloride, Timolol Maleate"
486,"Dorzolamide, Timolol"
487,Doxazosin
488,Doxazosin Mesilate
489,Doxorubicin Hydrochloride
490,Doxycycline
491,Doxycycline Hydrochloride
492,Doxylamine Hydrogen Succinate
493,"Doxylamine, Pyridoxine Hydrochloride"
494,Dried Ferrous Sulfate
495,"Dronabinol, Cannabidiol"
496,Droperidol
497,"Drospirenone, Ethinylestradiol"
498,"Dry Extract (3-6:1) Of Gentian Root, Primula Flowers, Sorrel Herb, Elder Flowers, Vervaine Herb (1:3"
499,Dry Extract From Horse Chestnut Corresponding To 21 Mg Triterpene Glycosides Calculated Protoescigen
500,"Dry Extract From Ivy Leaf (5-7.5:1), Extraction Solvent: Ethanol: 30% (M/M)"
501,Dry Extract From Rubus Idaeus (3-5:1): Extraction Solvent: Water
502,"Dry Extract Of Marshmallow Root (Der 7-9:1), Extraction Solvent Water, Dry Extract Of Lime Flower (3"
503,"Dry Extract Of Marshmallow Root (Der 7-9:1), Extraction Solvent Water, Dry Extract Of Thyme (7-13:1)"
504,"Dry Extract Of Passionflower Herb (Der 4 -6: 1), Extraction Solvent: Ethanol 70% V/V"
505,"Dry Extract Of Thyme (7-13:1), Extraction Solvent: Water, Liquid Extract From Marshmallow Root (Der "
506,"Dry Extract Of Valerian Root (4-6.7:1), Extraction Solvent: Ethanol 70% (V/V), Dry Extract From Hop "
507,"Dry Extract Passion Flower (5-7:1), Extraction Solvent: Ethanol 60% V/V"
508,Duloxetine
509,Dutasteride
510,Dydrogesterone
511,"Dydrogesterone, Estradiol"
512,E.Coli Extract
513,Ebastine
514,"Echinacea Mother Tincture, Calendula Officinalis Mother Tincture, Arnica Montana D3, Mercurius Solub"
515,Econazole Nitrate
516,"Econazole Nitrate, Triamcinolone Acetonide"
517,Edoxaban
518,Eletriptan
519,Eltrombopag
520,Empagliflozin
521,"Emtricitabine, Efavirenz, Tenofovir Disoproxil Succinate"
522,"Emtricitabine, Tenofovir Disoproxil Fumarate"
523,"Emtricitabine, Tenofovir Disoproxil Succinate"
524,Enalapril Maleate
525,"Enalapril Maleate, Hydrochlorothiazide"
526,"Enalapril Maleate, Lercanidipine Hydrochloride"
527,"Enalapril Maleate, Nitrendipine"
528,Enoxaparin Sodium
529,"Entacapone, Levodopa, Carbidopa Monohydrate"
530,Entecavir
531,Enzalutamide
532,Ephedrine Hydrochloride
533,Epinastine Hydrochloride
534,Epinephrine
535,Epinephrine Bitartrate
536,"Epinephrine, Lidocaine Hydrochloride"
537,Epirubicin Hydrochloride
538,Eplerenone
539,Epoetin Alfa
540,Epoprostenol
541,Eprosartan Mesilate
542,"Eprosartan Mesilate, Hydrochlorothiazide"
543,Erdosteine
544,Ergometrine Maleate
545,"Ergotamine Tartrate, Anhydrous Caffeine"
546,Eribulin
547,Erlotinib
548,Ertapenem
549,Erythromycin
550,"Erythromycin, Benzoyl Peroxide"
551,"Erythromycin, Isotretinoin"
552,"Erythromycin, Tretinoin"
553,"Erythromycin, Zinc Acetate"
554,Escitalopram
555,Escitalopram Oxalate
556,Eslicarbazepine Acetate
557,Esmolol Hydrochloride
558,Esomeprazole
559,Esomeprazole Magnesium Trihydrate
560,Estradiol
561,Estradiol Hemihydrate
562,Estradiol Valerate
563,"Estradiol Valerate, Norgestrel"
564,Estriol
565,Ethanol (96 Per Cent)
566,Ethanol (96% Denatured With Mek)
567,Ethanol 70% (V/V)
568,"Ethinylestradiol, Etonogestrel"
569,Ethyl Esters Of Iodised Fatty Acids From Poppyseed Oil
570,"Ethylenediamine-N,n'-Diacetic Acid"
571,Etidronate Disodium
572,Etofenamate
573,Etoposide
574,Etoricoxib
575,"Eucalyptus Oil, Turpentine Oil, Larix Decidua Resin"
576,Everolimus
577,Exametazime
578,Exemestane
579,"Extract Of Iberis Amara (1 : 1.5 - 2.5), Extracting Agent: Ethanol 50 % (V/V), Liquid Extract Of Car"
580,Ezetimibe
581,"Ezetimibe, Rosuvastatin"
582,"Ezetimibe, Rosuvastatin Calcium"
583,"Ezetimibe, Rosuvastatin Zinc"
584,Factor Viii Inhibitor Bypassing Fraction
585,Famciclovir
586,Famotidine
587,Fampridine
588,Febuxostat
589,Felodipine
590,Fenofibrate
591,Fentanyl
592,Fentanyl Citrate
593,Fenticonazole Nitrate
594,Ferric Carboxymaltose
595,Ferric Hydroxide Polymaltose Complex
596,Ferrous (Ii) Glycine Sulfate Complex
597,Ferrous Gluconate
598,Ferrous Sulfate
599,Fesoterodine
600,Fesoterodine Fumarate
601,Fexofenadine Hydrochloride
602,Finasteride
603,Fingolimod
604,Fingolimod Hydrochloride
605,Fish Oil
606,"Fish Oil (Omega-3 Polyunsaturated Fatty Acids): Epa 17%, Dha 10%, Dpa 3%"
607,Flecainide
608,Flecainide Acetate
609,Flucloxacillin
610,Flucloxacillin Sodium Monohydrate
611,Fluconazole
612,Fludarabine Phosphate
613,Fludeoxyglucose (18f)
614,Fludrocortisone Acetate
615,"Fludrocortisone Acetate, Polymyxin B Sulfate, Lidocaine Hydrochloride"
616,"Fluid Extract From Ivy Leaves (1:1), Extracting Agent: Ethanol 70% (V/V), Liquid Extract From Thyme "
617,Flumazenil
618,Flunitrazepam
619,Fluocinolone Acetonide
620,"Fluocinolone Acetonide, Lidocaine Hydrochloride"
621,Fluocinonide
622,"Fluocortolone Pivalate, Anhydrous Lidocaine Hydrochloride"
623,Fluorescein Sodium
624,"Fluorescein Sodium, Lidocaine Hydrochloride"
625,Fluoride
626,Fluorocholine (18f)
627,Fluorometholone
628,Fluorothymidine F-18
629,Fluorouracil
630,"Fluorouracil, Salicylic Acid"
631,Fluoxetine
632,Fluoxetine Hydrochloride
633,"Fluprednidene Acetate, Miconazole Nitrate"
634,Flurbiprofen
635,Flurbiprofen Ph. Eur.
636,Flurbiprofen Sodium
637,Flutamide
638,Fluticasone Propionate
639,"Fluticasone Propionate, Salmeterol"
640,"Fluticasone Propionate, Salmeterol Xinafoate"
641,Flutrimazole
642,Fluvastatin Sodium
643,Fluvoxamine Maleate
644,Folic Acid
645,"Folic Acid, Anhydrous"
646,"Folic Acid, Dried Ferrous Sulfate"
647,"Folic Acid, Ferric Hydroxide Polymaltose Complex"
648,"Folic Acid, Ferrous Sulfate"
649,Formoterol Fumarate
650,Formoterol Fumarate Dihydrate
651,"Formoterol Fumarate Dihydrate, Beclometasone Dipropionate Anhydrous"
652,"Foscarbidopa, Foslevodopa"
653,Foscarnet Sodium Hexahydrate
654,Fosfomycin
655,Fosfomycin Trometamol
656,Fosinopril Sodium
657,Frovatriptan
658,Fulvestrant
659,Furosemide
660,Furosemide Sodium
661,Fusidic Acid
662,Fusidic Acid Hemihydrate
663,"Fusidic Acid, Betamethasone"
664,"Fusidic Acid, Hydrocortisone Acetate"
665,"Fusidic Acid, Triamcinolone Acetonide"
666,Gabapentin
667,Gadobenate Dimeglumine
668,Gadobutrol
669,Gadodiamide
670,Gadoteric Acid
671,Gadoteridol
672,"Gadoxetic Acid, Disodium"
673,Galantamine
674,Galantamine Hydrobromide
675,Gallium (67ga) Citrate
676,Ganciclovir
677,Ganirelix
678,Gefitinib
679,Gemcitabine
680,Gemfibrozil
681,Gentamicin
682,"Gentamicin Sulfate, Dexamethasone"
683,"Gentamicin, Betamethasone, Clotrimazole"
684,Germanium (68ge) Chloride
685,Glatiramer Acetate
686,Glibenclamide
687,Gliclazide
688,Glimepiride
689,Glucagon
690,Glucosamine Hydrochloride
691,Glucosamine Sulfate
692,Glucosamine Sulfate Sodium Chloride
693,Glucose
694,Glucose Monohydrate
695,"Glucose, Anhydrous"
696,"Glucose, Anhydrous, Sodium Hydrogen Carbonate, Magnesium Chloride Hexahydrate, Potassium Chloride, S"
697,Glycerol
698,Glyceryl Trinitrate
699,"Glycine, Calcium Carbonate"
700,"Glycine, Magnesium Chloride Hexahydrate, Potassium Chloride, Calcium Chloride Dihydrate, L-Lysine Ac"
701,Glycopyrronium Bromide
702,"Glycopyrronium Bromide, Neostigmine Methylsulfate"
703,Goserelin
704,Goserelin Acetate
705,Gozetotide
706,Granisetron
707,Granisetron Hydrochloride
708,Graphite
709,Guaifenesin
710,"Guaifenesin, Paracetamol, Phenylephrine"
711,"Haemophilus Influenzae Type B Polysaccharide (Polyribosylribitol Phosphate), Diphtheria Toxoid, Teta"
712,Haemophilus Type B Conjugate Vaccine (Tetanus Toxoid Conjugate)
713,Haloperidol
714,Haloperidol Decanoate
715,Heparin Sodium
716,"Heparin Sodium, Zinc Sulphate Monohydrate"
717,Hepatitis A Virus (Inactivated ) Adsorbed On Aluminium Hydroxide Hydrated Produced On Human Diploid 
718,"Hepatitis A Virus (Inactivated), Algeldrate"
719,"Hepatitis B Surface Antigen (Rdna), Algeldrate"
720,Hexamidine Diisetionate
721,Hexaminolevulinate
722,Hexetidine
723,Homatropine Methylbromide
724,Human Albumin As Macroaggregates
725,Human Albumin Solution
726,Human Alpha1-Proteinase Inhibitor
727,Human Anti-D Immunoglobulin
728,Human Chorionic Gonadotropin
729,"Human Coagulation Factor Ix, Human Coagulation Factor Vii, Human Coagulation Factor Ii, Human Coagul"
730,"Human Coagulation Factor Ix, Protein C, Human Coagulation Factor Vii, Protein S, Human Coagulation F"
731,Human Coagulation Factor Viii
732,"Human Coagulation Factor Viii, Human Von Willebrand Factor"
733,Human Coagulation Factor Xiii
734,Human Cytomegalovirus Immunoglobulin
735,Human Fibrinogen
736,Human Hepatitis B Immunoglobulin
737,Human Normal Immunoglobulin
738,Human Normal Immunoglobulin (Iv)
739,Human Plasma Protein
740,Human Serum Albumin
741,Human Tetanus Immunoglobulin
742,Human Von Willebrand Factor
743,Hydrochlorothiazide
744,"Hydrochlorothiazide, Benazepril Hydrochloride"
745,"Hydrochlorothiazide, Candesartan Cilexetil"
746,"Hydrochlorothiazide, Irbesartan"
747,"Hydrochlorothiazide, Lisinopril Anhydrous"
748,"Hydrochlorothiazide, Losartan"
749,"Hydrochlorothiazide, Nebivolol"
750,"Hydrochlorothiazide, Ramipril"
751,"Hydrochlorothiazide, Ramipril, Amlodipine Besilate"
752,Hydrocortisone
753,"Hydrocortisone Acetate, Lidocaine"
754,Hydrocortisone Sodium Phosphate
755,"Hydrocortisone, Lidocaine"
756,"Hydrocortisone, Oxytetracycline"
757,Hydrogen Peroxide
758,Hydrotalcite
759,Hydroxocobalamin
760,Hydroxycarbamide
761,Hydroxychloroquine Sulfate
762,Hydroxyzine Dihydrochloride
763,Hydroxyzine Hydrochloride
764,"Hynic-[d-Phe1,tyr3-Octreotide]*tfa"
765,Hyoscine Butylbromide
766,Hyoscyamus Oil
767,Hypromellose
768,Ibandronic Acid
769,"Ibandronic Acid Monosodium Salt, Monohydrate"
770,Ibuprofen
771,Ibuprofen Lysine
772,Ibuprofen Sodium
773,"Ibuprofen, Caffeine"
774,"Ibuprofen, Codeine Phosphate Hemihydrate"
775,"Ibuprofen, Paracetamol"
776,"Icosapent Ethyl, Docosahexaenoic Acid Ethyl Ester"
777,Idarubicin Hydrochloride
778,Ifosfamide
779,Iloprost
780,Iloprost Trometamol
781,Imatinib
782,Imatinib Mesilate
783,Imiquimod
784,"Immunoglobulin A, Immunoglobulin G, Immunoglobulin M"
785,Indapamide
786,"Indapamide, Amlodipine Besilate, Perindopril Arginine"
787,"Indapamide, Perindopril Arginine"
788,Indigo Carmine
789,Indium (111in)
790,"Indium (111in) Pentetate, Calcium Trisodium Pentetate"
791,Indium In-111 Pentetreotide
792,Indometacin
793,"Influenza Virus B/Austria/1359417/2021-Like Strain (B/Austria/1359417/2021, Bvr-26), Influenza A/Vic"
794,"Influenza Virus B/Michigan/01/2021, Influenza A/Victoria/4897/2022 Ivr-238 (H1n1), Inactivated, Infl"
795,Insulin Human
796,Insulin Human (Rdna)
797,Iobenguane (131i)
798,Iobitridol
799,Iodine
800,Iodixanol
801,Iohexol
802,Iomeprol
803,Iopamidol
804,Iopromide
805,Ioversol
806,Ipratropium Bromide
807,Ipratropium Bromide Anhydrous
808,"Ipratropium Bromide, Salbutamol"
809,Irbesartan
810,Irinotecan Hydrochloride
811,Irinotecan Hydrochloride Trihydrate
812,Iron
813,Iron Oxide Red (E172)
814,Iron Protein Acetyl Aspartate
815,Iron Protein Succinylate
816,"Iron Protein Succinylate, Calcium Folinate Hydrate"
817,"Iron Protein Succinylate, Calcium Folinate Pentahydrate"
818,Iron Sucrose
819,Iron(Iii) Ion
820,"Iron, Ion (Fe3+)"
821,Isoconazole Nitrate
822,Isoniazid
823,"Isoniazid, Rifampicin"
824,Isoprenaline Hydrochloride
825,"Isopropyl Alcohol, 1-Propanol"
826,Isosorbide 5 Mononitrate
827,Isosorbide Dinitrate
828,Isosorbide Mononitrate
829,Isotretinoin
830,Itopride Hydrochloride
831,Itraconazole
832,Ivabradine
833,Ivabradine Hydrochloride
834,Ivacaftor
835,Ivermectin
836,"Ivy Leaves, Dry Extract"
837,Ketoconazole
838,Ketoprofen
839,Ketoprofen Lysine
840,Ketorolac Trometamol
841,Ketotifen
842,Ketotifen Hydrogen Fumarate
843,Lacidipine
844,Lacosamide
845,Lactitol Monohydrate
846,"Lactobacillus Gasseri Dsm 14869, Lactobacillus Rhamnosus Dsm 14870"
847,Lactobacillus Plantarum P 17630
848,Lactose Anhydrous
849,Lactose Monohydrate
850,Lactulose
851,Lamotrigine
852,Landiolol Hydrochloride
853,"Lanolin, Liquid Paraffin"
854,Lanreotide
855,Lansoprazole
856,Lanthanum
857,Latanoprost
858,"Latanoprost, Timolol"
859,Lavender Oil
860,Leflunomide
861,Lenalidomide
862,Lenvatinib
863,Lercanidipine Hydrochloride
864,Letrozole
865,Leuprorelin
866,Leuprorelin Acetate
867,Levetiracetam
868,Levocabastine
869,Levocarnitine
870,Levocarnitine Tartrate
871,Levocetirizine Dihydrochloride
872,"Levodopa, Carbidopa Monohydrate"
873,Levodropropizine
874,Levofloxacin
875,Levofloxacin Hemihydrate
876,Levoleucovorin
877,"Levomenthol, Camphor, Racemic, Methyl Salicylate, Tocopheryl Acetate"
878,"Levomenthol, Methyl Salicylate"
879,Levomepromazine Maleate
880,Levonorgestrel
881,Levosimendan
882,Levothyroxine Sodium
883,Lidocaine
884,Lidocaine Hydrochloride
885,Lidocaine Hydrochloride Monohydrate
886,"Lidocaine Hydrochloride Monohydrate, Benzoxonium Chloride"
887,"Lidocaine Hydrochloride Monohydrate, Ceftriaxone Disodium Salt Hemiheptahydrate"
888,"Lidocaine Hydrochloride Monohydrate, Phenylephrine Hydrochloride, Tropicamide"
889,"Lidocaine, Prilocaine"
890,"Lidocaine, Tetracaine"
891,"Lidocaine, Tribenoside"
892,Linagliptin
893,Lincomycin
894,Linezolid
895,Liothyronine Sodium
896,"Liothyronine Sodium, Levothyroxine Sodium"
897,Lipidosterolic Extract Of Serenoa Repens
898,"Liquid Extract From Gentian Root, Verbena Herb, Common Sorrel Herb, Elder Flower, Primula Flower Wit"
899,Liquid Paraffin
900,Lisinopril
901,Lisinopril Anhydrous
902,Lisinopril Dihydrate
903,Lithium Carbonate
904,Loperamide Hydrochloride
905,Loratadine
906,"Loratadine, Pseudoephedrine Sulphate"
907,Lorazepam
908,Lornoxicam
909,Losartan
910,Losartan Potassium
911,"Losartan Potassium, Hydrochlorothiazide"
912,Loteprednol Etabonate
913,Lovastatin
914,Lurasidone
915,Lurasidone Hydrochloride
916,"Luteinising Hormone (Human), Follicle-Stimulating Hormone"
917,Lutetium (177lu) Zadavotide Guraxetan
918,Lyophilized Bacterial Lysates
919,Lyophilized Bacterial Lysates Of: Haemophilus Influenzae Streptococcus (Diplococcus) Pneumoniae Kleb
920,Macitentan
921,Macrogol 4000
922,Magaldrate Anhydrous
923,Magnesium
924,Magnesium Aspartate Dihydrate
925,"Magnesium Aspartate Dihydrate, Magnesium Citrate"
926,"Magnesium Carbonate Heavy, Calcium Acetate"
927,"Magnesium Chloride Hexahydrate, Potassium Chloride, Sodium Chloride, Calcium Chloride Dihydrate, Glu"
928,"Magnesium Chloride Hexahydrate, Potassium Chloride, Sodium Chloride, Calcium Chloride Dihydrate, Sod"
929,"Magnesium Chloride Hexahydrate, Potassium Chloride, Sodium Chloride, Glucose Monohydrate, Sodium Ace"
930,"Magnesium Chloride Hexahydrate, Potassium Chloride, Sodium Chloride, Glucose, Sodium Acetate Trihydr"
931,"Magnesium Chloride Hexahydrate, Potassium Chloride, Sodium Chloride, Sodium Acetate Trihydrate"
932,"Magnesium Chloride Hexahydrate, Potassium Chloride, Sodium Chloride, Sodium Acetate Trihydrate, Sodi"
933,"Magnesium Chloride Hexahydrate, Sodium Chloride, Calcium Chloride Dihydrate, Glucose Monohydrate, So"
934,"Magnesium Citrate, Magnesium Oxide"
935,"Magnesium Glycerophosphate, Pyridoxine Hydrochloride"
936,Magnesium Hydroxide
937,"Magnesium Hydroxide, Aluminium Hydroxide"
938,Magnesium L-Aspartate Hydrochloride Trihydrate
939,Magnesium Oxide
940,Magnesium Pidolate
941,Magnesium Sulfate
942,Magnesium Sulfate Heptahydrate
943,"Magnesium Sulfate Heptahydrate, Sodium Sulfate Anhydrous, Potassium Sulphate"
944,"Magnesium, Pyridoxine Hydrochloride"
945,"Magnesium, Sodium Ion, Chloride Ion, Hydrogen Phosphate, Hydrogen Carbonate, Potassium Ion"
946,Manidipine Dihydrochloride
947,Mannitol
948,Maprotiline Hydrochloride
949,"Matricariae Flos, Achillea Millefolium L. Herba, Marshmallow Root Powdered, Oak Bark Powdered, Dande"
950,"Measles Virus Schwarz Strain (Live, Attenuated), Mumps Virus Rit 4385 Strain (Live, Attenuated) Deri"
951,Mebendazole
952,Mebeverine Hydrochloride
953,"Mecetronium Etilsulfate, Isopropyl Alcohol, Propanol"
954,Meclozine Hydrochloride
955,Medronate Tetrasodium
956,Mefenamic Acid
957,Megestrol Acetate
958,"Meglumine Amidotrizoate, Sodium Amidotrizoate"
959,Melatonin
960,Meloxicam
961,"Meloxicam, Crospovidone"
962,Melphalan
963,Memantine Hydrochloride
964,"Memantine Hydrochloride, Donepezil Hydrochloride"
965,Menotrophin
966,"Menthol, Camphor"
967,"Menthol, Camphor, Eucalyptus Oil, Thymol, Turpentine Oil"
968,"Menthol, Eugenol, Methyl Salicylate"
969,Mepivacaine Hydrochloride
970,Mequinol
971,Meropenem
972,Meropenem Anhydrous
973,Meropenem Trihydrate
974,Mesalazine
975,Mesna
976,Mesterolone
977,Metamizole Sodium Monohydrate
978,Metformin Hydrochloride
979,"Metformin Hydrochloride, Dapagliflozin"
980,"Metformin Hydrochloride, Linagliptin"
981,"Metformin Hydrochloride, Pioglitazone"
982,"Metformin Hydrochloride, Sitagliptin"
983,"Metformin Hydrochloride, Sitagliptin Hydrochloride"
984,"Metformin Hydrochloride, Sitagliptin Hydrochloride Monohydrate"
985,"Metformin Hydrochloride, Vildagliptin"
986,Methadone Hydrochloride
987,Methotrexate
988,Methotrexate Sodium
989,Methoxsalen
990,Methyl Aminolevulinate
991,Methylergometrine Maleate
992,Methylphenidate Hydrochloride
993,Methylprednisolone
994,Methylprednisolone Aceponate
995,Metoclopramide
996,Metoclopramide Hydrochloride
997,Metoclopramide Hydrochloride Monohydrate
998,"Metoclopramide Hydrochloride, Paracetamol"
999,Metoprolol Succinate
1000,"Metoprolol Succinate, Felodipine"
1001,Metoprolol Tartrate
1002,Metronidazole
1003,Metronidazole Benzoate
1004,Metyrapone
1005,Micafungin
1006,Micafungin Sodium
1007,Miconazole
1008,Miconazole Nitrate
1009,"Miconazole Nitrate, Hydrocortisone"
1010,Micronised Purified Flavonoic Fraction
1011,Midazolam
1012,Midazolam Hydrochloride
1013,Midodrine Hydrochloride
1014,Mifepristone
1015,Milrinone
1016,Minocycline
1017,Minocycline Hydrochloride
1018,Minoxidil
1019,Mirabegron
1020,Mirtazapine
1021,Misoprostol
1022,Mitoxantrone
1023,Mizolastine
1024,Modafinil
1025,Mometasone Furoate
1026,"Mometasone Furoate, Salicylic Acid"
1027,Montelukast
1028,Montelukast Sodium
1029,Moxifloxacin
1030,Moxifloxacin Hydrochloride
1031,Moxonidine
1032,Mupirocin
1033,Mupirocin Calcium
1034,"Mycobacterium Bovis, Danish Strain 1331"
1035,Mycophenolic Acid
1036,"Myrtecaine, Diethylamine Salicylate"
1037,N. Meningitidis Group C (Strain C11) Polysaccharide (De-O-Acetylated) Conjugated To Tetanus Toxoid
1038,Nabumetone
1039,Nadroparin Calcium
1040,Nalbuphine Hydrochloride
1041,Naloxone Hydrochloride
1042,Nandrolone Decanoate
1043,"Naphazoline Nitrate, Boric Acid"
1044,"Naphazoline Nitrate, Zinc Sulphate"
1045,Naproxen
1046,Naproxen Sodium
1047,"Naproxen Sodium, Sumatriptan Succinate"
1048,Naratriptan
1049,Nebivolol
1050,Nebivolol Hydrochloride
1051,"Neomycin Sulfate, Catalase"
1052,"Neomycin Sulfate, Dexamethasone, Acetic Acid"
1053,"Neomycin Sulfate, Prednisolone"
1054,"Neomycin, Nystatin, Triamcinolone Acetonide"
1055,"Neomycin, Polymyxin B, Fluocinolone Acetonide"
1056,Neostigmine Methylsulfate
1057,Nevirapine
1058,Nicotine
1059,Nicotine Polacrilex
1060,Nicotine Resinate
1061,Nifedipine
1062,"Nifedipine, Lidocaine Hydrochloride"
1063,Niflumic Acid
1064,Nifuroxazide
1065,Nilotinib
1066,Nimesulide
1067,Nimodipine
1068,Nintedanib
1069,Nintedanib Esylate
1070,Nitrendipine
1071,Nitric Oxide
1072,Nitrofurantoin
1073,Nitrous Oxide
1074,"Nitrous Oxide, Oxygen"
1075,Noradrenaline Tartrate
1076,Norepinephrine
1077,"Norethisterone Acetate, Estradiol"
1078,Norfloxacin
1079,Nystatin
1080,"Nystatin, Metronidazole"
1081,O-(ß-Hydroxyethyl)rutosides
1082,"Octenidine Dihydrochloride, Isopropyl Alcohol, Propanol"
1083,"Octenidine Dihydrochloride, Phenoxyethanol"
1084,Octreotide
1085,Ofloxacin
1086,Olanzapine
1087,Olanzapine Micronized
1088,"Olive Oil, Refined, Soya-Bean Oil Refined, Triglycerides, Medium Chain, Fish Oil, Rich In Omega-3-Ac"
1089,Olmesartan
1090,Olmesartan Medoxomil
1091,"Olmesartan Medoxomil, Amlodipine"
1092,"Olmesartan Medoxomil, Amlodipine Besilate"
1093,"Olmesartan Medoxomil, Amlodipine, Hydrochlorothiazide"
1094,"Olmesartan Medoxomil, Hydrochlorothiazide"
1095,"Olmesartan Medoxomil, Hydrochlorothiazide, Amlodipine Besilate"
1096,Olodaterol
1097,Olopatadine
1098,Omega-3-Acid Ethyl Esters 90
1099,Omeprazole
1100,Omeprazole Sodium
1101,Ondansetron
1102,Ondansetron Hydrochloride
1103,Ondansetron Hydrochloride Dihydrate
1104,"Orphenadrine Citrate, Paracetamol"
1105,"Orphenadrine Citrate, Paracetamol, Acetylsalicylic Acid, Caffeine"
1106,Orphenadrine Hydrochloride
1107,Otilonium Bromide
1108,Oxaliplatin
1109,Oxaprozin
1110,Oxcarbazepine
1111,Oxybutynin Hydrochloride
1112,Oxycodone Hydrochloride
1113,"Oxycodone Hydrochloride, Paracetamol"
1114,Oxygen
1115,Oxymetazoline Hydrochloride
1116,Oxytocin
1117,Oxytocin Synthetic
1118,Paclitaxel
1119,Paliperidone
1120,Paliperidone Palmitate
1121,Palonosetron
1122,Pancreas Powder
1123,Pantoprazole
1124,Pantoprazole Sodium
1125,Pantoprazole Sodium Sesquihydrate
1126,"Pantothenate Sodium, Riboflavin Sodium Phosphate, Biotin, Cyanocobalamin, Folic Acid, Nicotinamide, "
1127,Paracetamol
1128,"Paracetamol, Acetylsalicylic Acid, Caffeine"
1129,"Paracetamol, Caffeine"
1130,"Paracetamol, Caffeine, Codeine Phosphate Hemihydrate"
1131,"Paracetamol, Codeine Phosphate Hemihydrate"
1132,"Paracetamol, Hyoscine Butylbromide"
1133,"Paracetamol, Lidocaine Hydrochloride"
1134,"Paracetamol, Metoclopramide Hydrochloride Monohydrate"
1135,"Paracetamol, Thiocolchicoside"
1136,Parecoxib
1137,Parecoxib Sodium
1138,Paricalcitol
1139,Paroxetine
1140,Passiflora Incarnata Dry Extract
1141,Pazopanib
1142,Pazopanib Hydrochloride
1143,Pefloxacin Mesilate
1144,Pemetrexed
1145,Penciclovir
1146,Pentetic Acid
1147,Pentostatin
1148,Pentoxifylline
1149,Peppermint Oil
1150,Perampanel
1151,Perindopril Arginine
1152,"Perindopril Tert-Butylamine, Indapamide"
1153,"Pheniramine Maleate, Ascorbic Acid, Paracetamol"
1154,Phenobarbital
1155,Phenothrin
1156,"Phentermine, Topiramate"
1157,Phenylephrine Hydrochloride
1158,"Phenylephrine Hydrochloride, Guaifenesin, Paracetamol"
1159,Phenytoin
1160,Phenytoin Sodium
1161,Pilocarpine Hydrochloride
1162,Pimecrolimus
1163,Pimozide
1164,Pinaverium Bromide
1165,Pioglitazone
1166,Pioglitazone Hydrochloride
1167,Pipamperone Hydrochloride
1168,"Piperacillin Sodium, Tazobactam Sodium"
1169,"Piperacillin, Tazobactam"
1170,Piracetam
1171,Pirfenidone
1172,Piroxicam
1173,Piroxicam Betadex
1174,Piroxicam Cinnamate
1175,Pitavastatin
1176,Pitavastatin Calcium
1177,Pivmecillinam Hydrochloride
1178,"Pneumococcal Polysaccharide Serotype 4, Pneumococcal Polysaccharide Serotype 6b, Pneumococcal Polysa"
1179,"Poliovirus (Inactivated) Type 3 (Saukett Strain), Pertussis Filamentous Haemagglutinin Adsorbed On A"
1180,"Poliovirus (Inactivated) Type 3 (Saukett Strain), Poliovirus (Inactivated) Type 2 (Mef-1 Strain), Po"
1181,Pomalidomide
1182,Poractant Alfa
1183,Posaconazole
1184,Potassium Chloride
1185,"Potassium Chloride, Glucose"
1186,"Potassium Chloride, Glucose Monohydrate"
1187,"Potassium Chloride, Sodium Chloride, Calcium Chloride Dihydrate"
1188,"Potassium Chloride, Sodium Chloride, Calcium Chloride Dihydrate, Sodium Lactate"
1189,"Potassium Chloride, Sodium Chloride, Sodium Citrate, Glucose"
1190,Potassium Gluconate
1191,"Potassium Hydrogen Carbonate, Betaine Hydrochloride"
1192,"Potassium Hydrogen Carbonate, Potassium Citrate"
1193,"Potassium Hydrogen Carbonate, Sodium Alginate"
1194,"Potassium Iodide, Sodium Iodide"
1195,"Povidone, Iodinated"
1196,"Povidone, Poly(Vinyl Alcohol)"
1197,Pramipexole
1198,Pramipexole Dihydrochloride
1199,Pramipexole Dihydrochloride Monohydrate
1200,Prasugrel
1201,Pravastatin
1202,Pravastatin Sodium
1203,Prednisolone
1204,Prednisolone Sodium Phosphate
1205,Prednisolone Sodium Phosphate Ph. Eur.
1206,Pregabalin
1207,Procaine Hydrochloride
1208,Progesterone
1209,"Progesterone, Micronised"
1210,"Proguanil Hydrochloride, Atovaquone"
1211,Promethazine Hydrochloride
1212,Propafenone Hydrochloride
1213,Propiverine Hydrochloride
1214,Propofol
1215,Propranolol
1216,Propylthiouracil
1217,Protamine Sulfate
1218,Proxymetacaine Hydrochloride
1219,Prucalopride
1220,Prulifloxacin
1221,"Pseudoephedrine Hydrochloride, Acetylcysteine, Paracetamol"
1222,"Pseudoephedrine Hydrochloride, Ibuprofen"
1223,"Pseudoephedrine Hydrochloride, Paracetamol"
1224,Pyrazinamide
1225,Pyridostigmine Bromide
1226,Pyridoxine Hydrochloride
1227,"Pyridoxine Hydrochloride, Lysozyme Hydrochloride"
1228,Quetiapine
1229,Quetiapine Fumarate
1230,Quinagolide
1231,Rabeprazole Sodium
1232,Racecadotril
1233,"Racementhol, Eucalyptus Oil, Methyl Salicylate, Turpentine Oil"
1234,Raloxifene Hydrochloride
1235,Raltegravir
1236,Ramipril
1237,"Ramipril, Acetylsalicylic Acid, Atorvastatin Calcium Trihydrate"
1238,"Ramipril, Felodipine"
1239,"Ramipril, Rosuvastatin"
1240,"Ramipril, Rosuvastatin Calcium"
1241,Ranitidine
1242,Ranitidine Hydrochloride
1243,Ranolazine
1244,Rasagiline
1245,Rasagiline Tartrate
1246,Remifentanil
1247,Repaglinide
1248,Retinol Palmitate
1249,"Retinol Palmitate, Ascorbic Acid, Biotin, Colecalciferol, Cyanocobalamin, Dexpanthenol, Folic Acid, "
1250,"Retinol Palmitate, Ergocalciferol, Phytomenadione, Dl-Alpha-Tocopherol"
1251,"Retinol, Alpha-Tocopherol"
1252,"Rhubarb Extract, Salicylic Acid"
1253,"Riboflavin Sodium Phosphate, Thiamine Hydrochloride, Dexpanthenol, Nicotinamide, Pyridoxine Hydrochl"
1254,Rifamycin Sodium
1255,Rifaximin
1256,Riluzole
1257,Risedronate Monosodium Hemi-Pentahydrate
1258,Risedronate Sodium
1259,"Risedronate Sodium, Risedronic Acid"
1260,Risperidone
1261,Rivaroxaban
1262,Rivastigmine
1263,Rivastigmine Hydrogen Tartrate
1264,Rizatriptan Benzoate
1265,Rocuronium Bromide
1266,Roflumilast
1267,Ropinirole
1268,Ropivacaine Hydrochloride
1269,Ropivacaine Hydrochloride Monohydrate
1270,Rosuvastatin
1271,Rosuvastatin Calcium
1272,Roxithromycin
1273,Rupatadine
1274,Saccharomyces Boulardii cncm I-745 Lyophilized
1275,Salbutamol
1276,Salbutamol Sulfate
1277,"Salbutamol Sulfate, Ipratropium Bromide"
1278,"Salbutamol Sulfate, Ipratropium Bromide Monohydrate"
1279,Salicylic Acid
1280,Salmeterol
1281,Salmeterol Xinafoate
1282,Selegiline Hydrochloride
1283,Selexipag
1284,Sennae Folium
1285,Sennoside A+b
1286,Serrapeptase
1287,Sertindole
1288,Sertraline
1289,Sertraline Hydrochloride
1290,Sevelamer Carbonate
1291,Sevelamer Hydrochloride
1292,Sevoflurane
1293,"Shark-Liver Oil, Yeast Extract"
1294,Sildenafil
1295,Sildenafil Citrate
1296,Simeticone
1297,"Simeticone, Charcoal, Activated"
1298,"Simeticone, Magnesium Hydroxide, Aluminium Hydroxide"
1299,"Simeticone, Magnesium Hydroxide, Aluminium Hydroxide-Magnesium Carbonate Co-Dried Gel"
1300,Simvastatin
1301,"Simvastatin, Ezetimibe"
1302,Sitagliptin
1303,Sitagliptin Hydrochloride
1304,"Sitagliptin, Dapagliflozin"
1305,"Smilax Utilis D6, Juglans Regia Dil. D3, Natrium Sulfuricum D4, Aranea Diadema D6, Calcium Phosphori"
1306,Sodium Chloride
1307,"Sodium Chloride, Glucose Monohydrate"
1308,"Sodium Chloride, Sodium Citrate"
1309,"Sodium Chloride, Succinylated Gelatin"
1310,Sodium Citrate
1311,Sodium Cromoglicate
1312,Sodium Fluoride
1313,Sodium Fluoride (18f)
1314,Sodium Fusidate
1315,Sodium Glycerophosphate Pentahydrate
1316,Sodium Hyaluronate
1317,Sodium Hydrogen Carbonate
1318,Sodium Hydrogen Carbonate Solution (0.2 M)
1319,"Sodium Hydrogen Carbonate, Calcium Carbonate, Sodium Alginate"
1320,"Sodium Hydrogen Carbonate, Magnesium Chloride Hexahydrate, Potassium Chloride, Sodium Chloride, Calc"
1321,"Sodium Hydrogen Carbonate, Magnesium Chloride Hexahydrate, Sodium Chloride, Calcium Chloride Dihydra"
1322,"Sodium Hydrogen Carbonate, Potassium Chloride, Sodium Chloride, Macrogol 3350"
1323,"Sodium Hydrogen Carbonate, Potassium Chloride, Sodium Chloride, Sodium Sulfate Anhydrous, Macrogol 3"
1324,"Sodium Hydrogen Carbonate, Potassium Chloride, Sodium Chloride, Sodium Sulfate Anhydrous, Macrogol 4"
1325,"Sodium Hydrogen Carbonate, Sodium Alginate"
1326,"Sodium Hydrogen Carbonate, Sodium Chloride"
1327,"Sodium Hydrogen Carbonate, Tartaric Acid"
1328,Sodium Iodide (131i)
1329,"Sodium Lactate Solution, Potassium Chloride, Sodium Chloride, Calcium Chloride Dihydrate"
1330,Sodium Molybdate (99mo)
1331,"Sodium Molybdate (99mo), Pertechnetate (99mtc) Sodium"
1332,"Sodium Molybdate Dihydrate, Zinc Chloride, Ferric Chloride Hexahydrate, Potassium Iodide, Sodium Flu"
1333,Sodium Oxybate
1334,"Sodium Phosphate Dibasic Heptahydrate, Sodium Dihydrogen Phosphate Monohydrate"
1335,Sodium Picosulfate
1336,"Sodium Picosulfate, Magnesium Oxide, Light, Citric Acid"
1337,Sodium Selenite
1338,Sodium Valproate
1339,Solifenacin
1340,Solifenacin Succinate
1341,Somatostatin
1342,Somatropin
1343,Sorafenib
1344,"Sorbitol, Liquid (Crystallising), Sodium Citrate, Sodium Lauryl Sulfoacetate 70%"
1345,Sotalol Hydrochloride
1346,"Soya Oil, Purified"
1347,Spiramycin
1348,Spironolactone
1349,"Stannous Chloride, Copper Tetramibi Tetrafluoroborate, L-Cysteine Hydrochloride Monohydrate"
1350,Sucralfate
1351,Sugammadex
1352,Sugammadex Sodium
1353,Sulfadiazine Silver
1354,"Sulfadiazine Silver, Sodium Hyaluronate"
1355,"Sulfamethoxazole, Trimethoprim"
1356,"Sulfametrole, Trimethoprim"
1357,Sulfasalazine
1358,"Sulfur D10, Sulfur D4, Vincetoxicum Hirundinaria D10, Vincetoxicum Hirundinaria D30, Vincetoxicum Hi"
1359,"Sulfur D6, Arnica Montana D2, Sanguinaria Canadensis D2, Solanum Dulcamara D2, Rhus Toxicodendron D2"
1360,"Sulfur D6, Arnica Montana D2, Sanguinaria Canadensis D4, Solanum Dulcamara D2, Rhus Toxicodendron D2"
1361,Sulpiride
1362,Sultamicillin Tosilate
1363,Sumatriptan
1364,Sumatriptan Succinate
1365,Sunitinib
1366,Suxamethonium Chloride
1367,Tacrolimus
1368,Tacrolimus Monohydrate
1369,Tadalafil
1370,Tafluprost
1371,"Tamarind Extract, Senna Leaf Powder, Cassia Pulp Extract, Coriander Fruit Powder"
1372,Tamoxifen
1373,Tamoxifen Citrate
1374,Tamsulosin Hydrochloride
1375,"Tamsulosin Hydrochloride, Dutasteride"
1376,"Tamsulosin Hydrochloride, Solifenacin Succinate"
1377,Tanacetum Parthenium (L.) Schultz Bip.
1378,Tapentadol
1379,Tapentadol Hydrochloride
1380,"Taurine, Glycine, L-Tryptophan, L-Arginine, L-Histidine, L-Isoleucine, L-Leucine, L-Methionine, L-Pr"
1381,Tauroselcholic Acid Se-75
1382,Technetium (99mtc)
1383,Teicoplanin
1384,Temozolomide
1385,Tenofovir Disoproxil
1386,Tenoxicam
1387,Terazosin
1388,Terbinafine
1389,Terbinafine Hydrochloride
1390,"Terebinthina Laricina, Terebinthinae Aetheroleum Rectificatum"
1391,Teriflunomide
1392,Teriparatide
1393,Terlipressin Acetate
1394,Testosterone
1395,Testosterone Enantate
1396,Testosterone Undecanoate
1397,"Tetanus Toxoid Adsorbed On Aluminium Hydroxide, Hydrated, Diphtheria Toxoid Adsorbed On Aluminium Hy"
1398,Tetrabenazine
1399,Tetracaine Hydrochloride
1400,Tetracycline Hydrochloride
1401,"Tetracycline Hydrochloride, Metronidazole Benzoate, Tripotassium Dicitratobismuthate"
1402,Tetrafluoroborate
1403,Tetrofosmin
1404,Tetryzoline Hydrochloride
1405,Thallium (201tl) Chloride
1406,Theophylline Anhydrous
1407,Theophylline Monohydrate
1408,Thiamazole
1409,Thiamine Hydrochloride
1410,"Thiamine Hydrochloride, Ascorbic Acid, Cyanocobalamin, Nicotinamide, Riboflavin, Pantothenol, Pyrido"
1411,"Thiamine Hydrochloride, Ascorbic Acid, Nicotinamide, Riboflavin, Glucose Monohydrate, Pyridoxine Hyd"
1412,"Thiamine Hydrochloride, Cyanocobalamin, Pyridoxine Hydrochloride"
1413,"Thiamine Hydrochloride, Ergocalciferol, Cyanocobalamin, Dexpanthenol, Nicotinamide, Riboflavin, Pyri"
1414,Thiocolchicoside
1415,"Thiocolchicoside, Paracetamol Ph. Eur."
1416,Tianeptine Sodium
1417,Tibolone
1418,Ticagrelor
1419,Ticlopidine Hydrochloride
1420,Tigecycline
1421,Timolol
1422,Timolol Maleate
1423,"Timolol Maleate, Bimatoprost"
1424,"Timolol Maleate, Brimonidine Tartrate"
1425,"Timolol Maleate, Latanoprost"
1426,"Timolol Maleate, Travoprost"
1427,"Timolol, Bimatoprost"
1428,"Timolol, Tafluprost"
1429,"Timolol, Travoprost"
1430,Tinzaparin
1431,Tinzaparin Sodium
1432,Tioconazole
1433,Tiotropium
1434,Tiotropium Bromide
1435,Tiotropium Bromide Monohydrate
1436,"Tiotropium, Olodaterol"
1437,Tirofiban Hydrochloride Monohydrate
1438,Tizanidine Hydrochloride
1439,Tobramycin
1440,Tolfenamic Acid
1441,Tolterodine L-Tartrate
1442,Tolterodine Tartrate
1443,Tolvaptan
1444,Topiramate
1445,Topotecan
1446,Topotecan Hydrochloride
1447,Torasemide
1448,Trabectedin
1449,Tramadol Hydrochloride
1450,"Tramadol Hydrochloride, Dexketoprofen"
1451,"Tramadol Hydrochloride, Paracetamol"
1452,Tramazoline Hydrochloride Monohydrate
1453,Trandolapril
1454,Tranexamic Acid
1455,Travoprost
1456,Trazodone Hydrochloride
1457,Treosulfan
1458,Treprostinil
1459,Triamcinolone Acetonide
1460,"Triamcinolone Acetonide, Salicylic Acid"
1461,"Tribenoside, Lidocaine Hydrochloride"
1462,Triclosan
1463,Trientine
1464,Trientine Dihydrochloride
1465,Trifarotene
1466,Trifluoperazine
1467,Triflusal
1468,Trimebutine
1469,Trimebutine Maleate
1470,Trimetazidine Dihydrochloride
1471,Triptorelin
1472,Tropicamide
1473,Tyrothricin
1474,Ulipristal Acetate
1475,Urofollitropin
1476,Ursodeoxycholic Acid
1477,Valaciclovir
1478,"Valerian Root Dry Extract (3-6:1), Ethanol 70 %(V/V)"
1479,"Valeriana Officinalis L. Root Ethanol Dry Extract, Humulus Lupulus Extractum Siccum"
1480,Valerianae Radix
1481,Valganciclovir Hydrochloride
1482,"Valine, Alanine, Arginine, Cysteine, Histidine, Isoleucine, Leucine, Methionine, Phenylalanine, Prol"
1483,"Valine, Alanine, Arginine, Histidine, Isoleucine, Leucine, Lysine, Methionine, Phenylalanine, Prolin"
1484,"Valine, Alanine, Arginine, Histidine, Isoleucine, Leucine, Methionine, Phenylalanine, Proline, Serin"
1485,"Valine, Alanine, Arginine, Isoleucine, Leucine, Methionine, Phenylalanine, Proline, Serine, Threonin"
1486,"Valine, Ornithine Hydrochloride, Alanine, Arginine, Cysteine, Histidine, Isoleucine, Leucine, Methio"
1487,"Valproic Acid, Sodium Valproate"
1488,Valsartan
1489,"Valsartan, Amlodipine"
1490,"Valsartan, Amlodipine, Hydrochlorothiazide"
1491,"Valsartan, Hydrochlorothiazide"
1492,"Valsartan, Indapamide"
1493,"Valsartan, Sacubitril"
1494,Vancomycin
1495,Vancomycin Hydrochloride
1496,"Varicella Virus Oka Strain, (Live, Attenuated) Produced In Human Diploid (Mrc-5) Cells"
1497,"Varicella Virus Oka Strain, (Live, Attenuated) Produced In Human Diploid (Mrc-5) Cells, Measles Viru"
1498,"Varicella Virus Oka/Merck Strain, (Live, Attenuated) Produced In Human Diploid (Mrc-5) Cells"
1499,Vecuronium Bromide
1500,Venlafaxine
1501,Venlafaxine Hydrochloride
1502,Verapamil Hydrochloride
1503,Vigabatrin
1504,Vildagliptin
1505,Vinorelbine
1506,Vinorelbine Tartrate
1507,Voriconazole
1508,Vortioxetine
1509,Water For Injection
1510,Xylometazoline Hydrochloride
1511,"Xylometazoline Hydrochloride, Dexpanthenol"
1512,"Xylometazoline Hydrochloride, Ipratropium Bromide"
1513,Zanamivir
1514,Zidovudine
1515,"Zinc Chloride, Potassium Iodide, Sodium Fluoride, Copper Chloride Dihydrate, Manganese Chloride Tetr"
1516,"Zinc Chloride, Potassium Iodide, Sodium Selenite, Copper Chloride Dihydrate, Manganese Chloride Tetr"
1517,Zinc Sulphate Monohydrate
1518,Ziprasidone
1519,Zofenopril Calcium
1520,"Zofenopril Calcium, Hydrochlorothiazide"
1521,Zoledronic Acid
1522,Zoledronic Acid Monohydrate
1523,Zolpidem Tartrate
1524,Zopiclone
1525,Zuclopenthixol Acetate
1526,Zuclopenthixol Decanoate
1527,Zuclopenthixol Hydrochloride
