doctor_AMKA,img_url,caption,ordering
21320410429,https://randomuser.me/api/portraits/men/0.jpg,Profile photo,1
72699994981,https://randomuser.me/api/portraits/women/1.jpg,Profile photo,1
20005328538,https://randomuser.me/api/portraits/women/2.jpg,Profile photo,1
82692990076,https://randomuser.me/api/portraits/men/3.jpg,Profile photo,1
37618518626,https://randomuser.me/api/portraits/women/4.jpg,Profile photo,1
33921883527,https://randomuser.me/api/portraits/men/5.jpg,Profile photo,1
59208814319,https://randomuser.me/api/portraits/men/6.jpg,Profile photo,1
38457202665,https://randomuser.me/api/portraits/women/7.jpg,Profile photo,1
98992553946,https://randomuser.me/api/portraits/women/8.jpg,Profile photo,1
66941799670,https://randomuser.me/api/portraits/women/9.jpg,Profile photo,1
18398416734,https://randomuser.me/api/portraits/women/10.jpg,Profile photo,1
80445092860,https://randomuser.me/api/portraits/women/11.jpg,Profile photo,1
90082484581,https://randomuser.me/api/portraits/women/12.jpg,Profile photo,1
83997418563,https://randomuser.me/api/portraits/women/13.jpg,Profile photo,1
61995305641,https://randomuser.me/api/portraits/women/14.jpg,Profile photo,1
01872600136,https://randomuser.me/api/portraits/men/15.jpg,Profile photo,1
45686524062,https://randomuser.me/api/portraits/men/16.jpg,Profile photo,1
22190533470,https://randomuser.me/api/portraits/women/17.jpg,Profile photo,1
21383507124,https://randomuser.me/api/portraits/men/18.jpg,Profile photo,1
17327726488,https://randomuser.me/api/portraits/men/19.jpg,Profile photo,1
25161857591,https://randomuser.me/api/portraits/women/20.jpg,Profile photo,1
74473535247,https://randomuser.me/api/portraits/men/21.jpg,Profile photo,1
93053788033,https://randomuser.me/api/portraits/men/22.jpg,Profile photo,1
87882815278,https://randomuser.me/api/portraits/men/23.jpg,Profile photo,1
46535378018,https://randomuser.me/api/portraits/men/24.jpg,Profile photo,1
62969143362,https://randomuser.me/api/portraits/men/25.jpg,Profile photo,1
08985739083,https://randomuser.me/api/portraits/men/26.jpg,Profile photo,1
48849979572,https://randomuser.me/api/portraits/men/27.jpg,Profile photo,1
21797891248,https://randomuser.me/api/portraits/men/28.jpg,Profile photo,1
51436728681,https://randomuser.me/api/portraits/women/29.jpg,Profile photo,1
39781459009,https://randomuser.me/api/portraits/men/30.jpg,Profile photo,1
93351588070,https://randomuser.me/api/portraits/men/31.jpg,Profile photo,1
82974255136,https://randomuser.me/api/portraits/men/32.jpg,Profile photo,1
24373615873,https://randomuser.me/api/portraits/women/33.jpg,Profile photo,1
39005856154,https://randomuser.me/api/portraits/men/34.jpg,Profile photo,1
11643690283,https://randomuser.me/api/portraits/men/35.jpg,Profile photo,1
53428164416,https://randomuser.me/api/portraits/women/36.jpg,Profile photo,1
05103880273,https://randomuser.me/api/portraits/women/37.jpg,Profile photo,1
47189395309,https://randomuser.me/api/portraits/women/38.jpg,Profile photo,1
84987455135,https://randomuser.me/api/portraits/men/39.jpg,Profile photo,1
81164034398,https://randomuser.me/api/portraits/women/40.jpg,Profile photo,1
64770413090,https://randomuser.me/api/portraits/men/41.jpg,Profile photo,1
42041231905,https://randomuser.me/api/portraits/women/42.jpg,Profile photo,1
41932453810,https://randomuser.me/api/portraits/women/43.jpg,Profile photo,1
64963225174,https://randomuser.me/api/portraits/men/44.jpg,Profile photo,1
46861630702,https://randomuser.me/api/portraits/men/45.jpg,Profile photo,1
21953689005,https://randomuser.me/api/portraits/men/46.jpg,Profile photo,1
00739713072,https://randomuser.me/api/portraits/women/47.jpg,Profile photo,1
22104546171,https://randomuser.me/api/portraits/men/48.jpg,Profile photo,1
34422521602,https://randomuser.me/api/portraits/women/49.jpg,Profile photo,1
72690326551,https://randomuser.me/api/portraits/women/50.jpg,Profile photo,1
59851602119,https://randomuser.me/api/portraits/men/51.jpg,Profile photo,1
86478686237,https://randomuser.me/api/portraits/women/52.jpg,Profile photo,1
19190749921,https://randomuser.me/api/portraits/men/53.jpg,Profile photo,1
34848647082,https://randomuser.me/api/portraits/men/54.jpg,Profile photo,1
23720550330,https://randomuser.me/api/portraits/men/55.jpg,Profile photo,1
00889911416,https://randomuser.me/api/portraits/men/56.jpg,Profile photo,1
98979060854,https://randomuser.me/api/portraits/women/57.jpg,Profile photo,1
33611371181,https://randomuser.me/api/portraits/men/58.jpg,Profile photo,1
34015353466,https://randomuser.me/api/portraits/women/59.jpg,Profile photo,1
67201082402,https://randomuser.me/api/portraits/women/60.jpg,Profile photo,1
62085817452,https://randomuser.me/api/portraits/women/61.jpg,Profile photo,1
12918285181,https://randomuser.me/api/portraits/men/62.jpg,Profile photo,1
92304660012,https://randomuser.me/api/portraits/men/63.jpg,Profile photo,1
51204850766,https://randomuser.me/api/portraits/men/64.jpg,Profile photo,1
60191530573,https://randomuser.me/api/portraits/women/65.jpg,Profile photo,1
25127267086,https://randomuser.me/api/portraits/women/66.jpg,Profile photo,1
78494771290,https://randomuser.me/api/portraits/women/67.jpg,Profile photo,1
23543404668,https://randomuser.me/api/portraits/women/68.jpg,Profile photo,1
20644111973,https://randomuser.me/api/portraits/women/69.jpg,Profile photo,1
94882188496,https://randomuser.me/api/portraits/women/70.jpg,Profile photo,1
54341230160,https://randomuser.me/api/portraits/men/71.jpg,Profile photo,1
32031978999,https://randomuser.me/api/portraits/women/72.jpg,Profile photo,1
71978601625,https://randomuser.me/api/portraits/men/73.jpg,Profile photo,1
11375358210,https://randomuser.me/api/portraits/women/74.jpg,Profile photo,1
37161608819,https://randomuser.me/api/portraits/women/75.jpg,Profile photo,1
75307681024,https://randomuser.me/api/portraits/men/76.jpg,Profile photo,1
32362216906,https://randomuser.me/api/portraits/women/77.jpg,Profile photo,1
16913952150,https://randomuser.me/api/portraits/women/78.jpg,Profile photo,1
84243198392,https://randomuser.me/api/portraits/men/79.jpg,Profile photo,1
05302151675,https://randomuser.me/api/portraits/women/80.jpg,Profile photo,1
50147642789,https://randomuser.me/api/portraits/men/81.jpg,Profile photo,1
51239597815,https://randomuser.me/api/portraits/men/82.jpg,Profile photo,1
44654677205,https://randomuser.me/api/portraits/women/83.jpg,Profile photo,1
78370317543,https://randomuser.me/api/portraits/women/84.jpg,Profile photo,1
60292546862,https://randomuser.me/api/portraits/women/85.jpg,Profile photo,1
63271353867,https://randomuser.me/api/portraits/men/86.jpg,Profile photo,1
60488693205,https://randomuser.me/api/portraits/women/87.jpg,Profile photo,1
59764053567,https://randomuser.me/api/portraits/men/88.jpg,Profile photo,1
90384227362,https://randomuser.me/api/portraits/women/89.jpg,Profile photo,1
76917162042,https://randomuser.me/api/portraits/men/90.jpg,Profile photo,1
21690392202,https://randomuser.me/api/portraits/men/91.jpg,Profile photo,1
80177031637,https://randomuser.me/api/portraits/men/92.jpg,Profile photo,1
46931729476,https://randomuser.me/api/portraits/women/93.jpg,Profile photo,1
99851939327,https://randomuser.me/api/portraits/men/94.jpg,Profile photo,1
49602667652,https://randomuser.me/api/portraits/women/95.jpg,Profile photo,1
08864067560,https://randomuser.me/api/portraits/women/96.jpg,Profile photo,1
43904489093,https://randomuser.me/api/portraits/men/97.jpg,Profile photo,1
25550193545,https://randomuser.me/api/portraits/women/98.jpg,Profile photo,1
24362962080,https://randomuser.me/api/portraits/men/99.jpg,Profile photo,1
96599920123,https://randomuser.me/api/portraits/men/0.jpg,Profile photo,1
62941937591,https://randomuser.me/api/portraits/men/1.jpg,Profile photo,1
64752864612,https://randomuser.me/api/portraits/men/2.jpg,Profile photo,1
52403211535,https://randomuser.me/api/portraits/men/3.jpg,Profile photo,1
08779724792,https://randomuser.me/api/portraits/men/4.jpg,Profile photo,1
19204877067,https://randomuser.me/api/portraits/women/5.jpg,Profile photo,1
59025784640,https://randomuser.me/api/portraits/women/6.jpg,Profile photo,1
72620846729,https://randomuser.me/api/portraits/women/7.jpg,Profile photo,1
50182562472,https://randomuser.me/api/portraits/men/8.jpg,Profile photo,1
14992900966,https://randomuser.me/api/portraits/men/9.jpg,Profile photo,1
32174003910,https://randomuser.me/api/portraits/men/10.jpg,Profile photo,1
11936006082,https://randomuser.me/api/portraits/men/11.jpg,Profile photo,1
26438500953,https://randomuser.me/api/portraits/men/12.jpg,Profile photo,1
61094416423,https://randomuser.me/api/portraits/men/13.jpg,Profile photo,1
85760634942,https://randomuser.me/api/portraits/women/14.jpg,Profile photo,1
79993242024,https://randomuser.me/api/portraits/women/15.jpg,Profile photo,1
53869479025,https://randomuser.me/api/portraits/women/16.jpg,Profile photo,1
23864100953,https://randomuser.me/api/portraits/women/17.jpg,Profile photo,1
90093781460,https://randomuser.me/api/portraits/women/18.jpg,Profile photo,1
06618756467,https://randomuser.me/api/portraits/women/19.jpg,Profile photo,1
99002772910,https://randomuser.me/api/portraits/women/20.jpg,Profile photo,1
05033746983,https://randomuser.me/api/portraits/women/21.jpg,Profile photo,1
26679419087,https://randomuser.me/api/portraits/men/22.jpg,Profile photo,1
96342898760,https://randomuser.me/api/portraits/women/23.jpg,Profile photo,1
61867066320,https://randomuser.me/api/portraits/women/24.jpg,Profile photo,1
71826533717,https://randomuser.me/api/portraits/men/25.jpg,Profile photo,1
98313549014,https://randomuser.me/api/portraits/men/26.jpg,Profile photo,1
73054982438,https://randomuser.me/api/portraits/women/27.jpg,Profile photo,1
66431589016,https://randomuser.me/api/portraits/women/28.jpg,Profile photo,1
09264070308,https://randomuser.me/api/portraits/men/29.jpg,Profile photo,1
24485007288,https://randomuser.me/api/portraits/men/30.jpg,Profile photo,1
19612766208,https://randomuser.me/api/portraits/men/31.jpg,Profile photo,1
44435962458,https://randomuser.me/api/portraits/men/32.jpg,Profile photo,1
90912375302,https://randomuser.me/api/portraits/women/33.jpg,Profile photo,1
43652405536,https://randomuser.me/api/portraits/women/34.jpg,Profile photo,1
82159773854,https://randomuser.me/api/portraits/women/35.jpg,Profile photo,1
86491259497,https://randomuser.me/api/portraits/women/36.jpg,Profile photo,1
92066617996,https://randomuser.me/api/portraits/men/37.jpg,Profile photo,1
87688777925,https://randomuser.me/api/portraits/men/38.jpg,Profile photo,1
31539839122,https://randomuser.me/api/portraits/women/39.jpg,Profile photo,1
30491341038,https://randomuser.me/api/portraits/men/40.jpg,Profile photo,1
64224059208,https://randomuser.me/api/portraits/women/41.jpg,Profile photo,1
96298056820,https://randomuser.me/api/portraits/men/42.jpg,Profile photo,1
72404347412,https://randomuser.me/api/portraits/women/43.jpg,Profile photo,1
73217503619,https://randomuser.me/api/portraits/men/44.jpg,Profile photo,1
33703424447,https://randomuser.me/api/portraits/men/45.jpg,Profile photo,1
35107651917,https://randomuser.me/api/portraits/women/46.jpg,Profile photo,1
56340918580,https://randomuser.me/api/portraits/women/47.jpg,Profile photo,1
39160770040,https://randomuser.me/api/portraits/women/48.jpg,Profile photo,1
21803966203,https://randomuser.me/api/portraits/men/49.jpg,Profile photo,1
52951646933,https://randomuser.me/api/portraits/men/50.jpg,Profile photo,1
88067089870,https://randomuser.me/api/portraits/women/51.jpg,Profile photo,1
26611584858,https://randomuser.me/api/portraits/men/52.jpg,Profile photo,1
72205397077,https://randomuser.me/api/portraits/women/53.jpg,Profile photo,1
46199539467,https://randomuser.me/api/portraits/women/54.jpg,Profile photo,1
26184025787,https://randomuser.me/api/portraits/women/55.jpg,Profile photo,1
36050281640,https://randomuser.me/api/portraits/men/56.jpg,Profile photo,1
02520945237,https://randomuser.me/api/portraits/men/57.jpg,Profile photo,1
86027574544,https://randomuser.me/api/portraits/men/58.jpg,Profile photo,1
38118081896,https://randomuser.me/api/portraits/women/59.jpg,Profile photo,1
17970566036,https://randomuser.me/api/portraits/men/60.jpg,Profile photo,1
66023515850,https://randomuser.me/api/portraits/women/61.jpg,Profile photo,1
05879052244,https://randomuser.me/api/portraits/men/62.jpg,Profile photo,1
31579057191,https://randomuser.me/api/portraits/women/63.jpg,Profile photo,1
18335974876,https://randomuser.me/api/portraits/women/64.jpg,Profile photo,1
30192209567,https://randomuser.me/api/portraits/men/65.jpg,Profile photo,1
02825326769,https://randomuser.me/api/portraits/women/66.jpg,Profile photo,1
02320914016,https://randomuser.me/api/portraits/women/67.jpg,Profile photo,1
99829075515,https://randomuser.me/api/portraits/women/68.jpg,Profile photo,1
31006433226,https://randomuser.me/api/portraits/men/69.jpg,Profile photo,1
06647070385,https://randomuser.me/api/portraits/women/70.jpg,Profile photo,1
10740274067,https://randomuser.me/api/portraits/women/71.jpg,Profile photo,1
00363856461,https://randomuser.me/api/portraits/women/72.jpg,Profile photo,1
84914986099,https://randomuser.me/api/portraits/men/73.jpg,Profile photo,1
39461212898,https://randomuser.me/api/portraits/men/74.jpg,Profile photo,1
27622398474,https://randomuser.me/api/portraits/men/75.jpg,Profile photo,1
78870584168,https://randomuser.me/api/portraits/men/76.jpg,Profile photo,1
58679496383,https://randomuser.me/api/portraits/women/77.jpg,Profile photo,1
66201655578,https://randomuser.me/api/portraits/men/78.jpg,Profile photo,1
47640006875,https://randomuser.me/api/portraits/women/79.jpg,Profile photo,1
12244418997,https://randomuser.me/api/portraits/women/80.jpg,Profile photo,1
01703630944,https://randomuser.me/api/portraits/men/81.jpg,Profile photo,1
41349096197,https://randomuser.me/api/portraits/men/82.jpg,Profile photo,1
69480450735,https://randomuser.me/api/portraits/men/83.jpg,Profile photo,1
59802602944,https://randomuser.me/api/portraits/women/84.jpg,Profile photo,1
73420319777,https://randomuser.me/api/portraits/women/85.jpg,Profile photo,1
82308829586,https://randomuser.me/api/portraits/women/86.jpg,Profile photo,1
69427674831,https://randomuser.me/api/portraits/men/87.jpg,Profile photo,1
78824265594,https://randomuser.me/api/portraits/men/88.jpg,Profile photo,1
17989022379,https://randomuser.me/api/portraits/men/89.jpg,Profile photo,1
54176755398,https://randomuser.me/api/portraits/women/90.jpg,Profile photo,1
57908945896,https://randomuser.me/api/portraits/women/91.jpg,Profile photo,1
20761239612,https://randomuser.me/api/portraits/men/92.jpg,Profile photo,1
82070669010,https://randomuser.me/api/portraits/women/93.jpg,Profile photo,1
86497035067,https://randomuser.me/api/portraits/men/94.jpg,Profile photo,1
73123155505,https://randomuser.me/api/portraits/women/95.jpg,Profile photo,1
44045883114,https://randomuser.me/api/portraits/men/96.jpg,Profile photo,1
15689109779,https://randomuser.me/api/portraits/women/97.jpg,Profile photo,1
79403664016,https://randomuser.me/api/portraits/women/98.jpg,Profile photo,1
57292731868,https://randomuser.me/api/portraits/women/99.jpg,Profile photo,1
24165185483,https://randomuser.me/api/portraits/men/0.jpg,Profile photo,1
15958417491,https://randomuser.me/api/portraits/women/1.jpg,Profile photo,1
81413447609,https://randomuser.me/api/portraits/men/2.jpg,Profile photo,1
43302650996,https://randomuser.me/api/portraits/men/3.jpg,Profile photo,1
61025634202,https://randomuser.me/api/portraits/women/4.jpg,Profile photo,1
36759017791,https://randomuser.me/api/portraits/women/5.jpg,Profile photo,1
51746564260,https://randomuser.me/api/portraits/men/6.jpg,Profile photo,1
95592277641,https://randomuser.me/api/portraits/women/7.jpg,Profile photo,1
34448672288,https://randomuser.me/api/portraits/women/8.jpg,Profile photo,1
57493251149,https://randomuser.me/api/portraits/women/9.jpg,Profile photo,1
95437766183,https://randomuser.me/api/portraits/men/10.jpg,Profile photo,1
91511436786,https://randomuser.me/api/portraits/men/11.jpg,Profile photo,1
56425706802,https://randomuser.me/api/portraits/women/12.jpg,Profile photo,1
23028655052,https://randomuser.me/api/portraits/women/13.jpg,Profile photo,1
14599201663,https://randomuser.me/api/portraits/men/14.jpg,Profile photo,1
20562019011,https://randomuser.me/api/portraits/men/15.jpg,Profile photo,1
86132394564,https://randomuser.me/api/portraits/men/16.jpg,Profile photo,1
24986634209,https://randomuser.me/api/portraits/women/17.jpg,Profile photo,1
73561526655,https://randomuser.me/api/portraits/women/18.jpg,Profile photo,1
14753369524,https://randomuser.me/api/portraits/women/19.jpg,Profile photo,1
85324367924,https://randomuser.me/api/portraits/women/20.jpg,Profile photo,1
46858639061,https://randomuser.me/api/portraits/women/21.jpg,Profile photo,1
53811683710,https://randomuser.me/api/portraits/men/22.jpg,Profile photo,1
48967808264,https://randomuser.me/api/portraits/men/23.jpg,Profile photo,1
62542926456,https://randomuser.me/api/portraits/women/24.jpg,Profile photo,1
48112664971,https://randomuser.me/api/portraits/men/25.jpg,Profile photo,1
61259016399,https://randomuser.me/api/portraits/men/26.jpg,Profile photo,1
73481409841,https://randomuser.me/api/portraits/women/27.jpg,Profile photo,1
04991004202,https://randomuser.me/api/portraits/men/28.jpg,Profile photo,1
21348548420,https://randomuser.me/api/portraits/men/29.jpg,Profile photo,1
60157117132,https://randomuser.me/api/portraits/men/30.jpg,Profile photo,1
12874527193,https://randomuser.me/api/portraits/men/31.jpg,Profile photo,1
10749161942,https://randomuser.me/api/portraits/men/32.jpg,Profile photo,1
69626168455,https://randomuser.me/api/portraits/men/33.jpg,Profile photo,1
79899488566,https://randomuser.me/api/portraits/women/34.jpg,Profile photo,1
56355842271,https://randomuser.me/api/portraits/women/35.jpg,Profile photo,1
70014413068,https://randomuser.me/api/portraits/women/36.jpg,Profile photo,1
90417282076,https://randomuser.me/api/portraits/women/37.jpg,Profile photo,1
82408475283,https://randomuser.me/api/portraits/men/38.jpg,Profile photo,1
13511350535,https://randomuser.me/api/portraits/women/39.jpg,Profile photo,1
09783028010,https://randomuser.me/api/portraits/women/40.jpg,Profile photo,1
44786742802,https://randomuser.me/api/portraits/men/41.jpg,Profile photo,1
89121397436,https://randomuser.me/api/portraits/men/42.jpg,Profile photo,1
40842906969,https://randomuser.me/api/portraits/women/43.jpg,Profile photo,1
65673374570,https://randomuser.me/api/portraits/women/44.jpg,Profile photo,1
80253084376,https://randomuser.me/api/portraits/men/45.jpg,Profile photo,1
50842324234,https://randomuser.me/api/portraits/women/46.jpg,Profile photo,1
69158557490,https://randomuser.me/api/portraits/women/47.jpg,Profile photo,1
33295945231,https://randomuser.me/api/portraits/women/48.jpg,Profile photo,1
29917217429,https://randomuser.me/api/portraits/men/49.jpg,Profile photo,1
92669370632,https://randomuser.me/api/portraits/women/50.jpg,Profile photo,1
20619019333,https://randomuser.me/api/portraits/women/51.jpg,Profile photo,1
95616225647,https://randomuser.me/api/portraits/men/52.jpg,Profile photo,1
45323167781,https://randomuser.me/api/portraits/men/53.jpg,Profile photo,1
39117766650,https://randomuser.me/api/portraits/men/54.jpg,Profile photo,1
80619022311,https://randomuser.me/api/portraits/men/55.jpg,Profile photo,1
37185921268,https://randomuser.me/api/portraits/men/56.jpg,Profile photo,1
00375398923,https://randomuser.me/api/portraits/women/57.jpg,Profile photo,1
84178376591,https://randomuser.me/api/portraits/men/58.jpg,Profile photo,1
26642673512,https://randomuser.me/api/portraits/women/59.jpg,Profile photo,1
97648784962,https://randomuser.me/api/portraits/women/60.jpg,Profile photo,1
69296568512,https://randomuser.me/api/portraits/men/61.jpg,Profile photo,1
97934421291,https://randomuser.me/api/portraits/women/62.jpg,Profile photo,1
79725184070,https://randomuser.me/api/portraits/men/63.jpg,Profile photo,1
72094516767,https://randomuser.me/api/portraits/men/64.jpg,Profile photo,1
20084842648,https://randomuser.me/api/portraits/men/65.jpg,Profile photo,1
36054946920,https://randomuser.me/api/portraits/women/66.jpg,Profile photo,1
93500115461,https://randomuser.me/api/portraits/women/67.jpg,Profile photo,1
10404315668,https://randomuser.me/api/portraits/men/68.jpg,Profile photo,1
75580309016,https://randomuser.me/api/portraits/men/69.jpg,Profile photo,1
02716988371,https://randomuser.me/api/portraits/men/70.jpg,Profile photo,1
75983326170,https://randomuser.me/api/portraits/men/71.jpg,Profile photo,1
57285353399,https://randomuser.me/api/portraits/men/72.jpg,Profile photo,1
01584668793,https://randomuser.me/api/portraits/women/73.jpg,Profile photo,1
69834515025,https://randomuser.me/api/portraits/women/74.jpg,Profile photo,1
97207382777,https://randomuser.me/api/portraits/men/75.jpg,Profile photo,1
90071210242,https://randomuser.me/api/portraits/women/76.jpg,Profile photo,1
99716596566,https://randomuser.me/api/portraits/men/77.jpg,Profile photo,1
00952242653,https://randomuser.me/api/portraits/women/78.jpg,Profile photo,1
54736015791,https://randomuser.me/api/portraits/men/79.jpg,Profile photo,1
26589347597,https://randomuser.me/api/portraits/men/80.jpg,Profile photo,1
49679146386,https://randomuser.me/api/portraits/men/81.jpg,Profile photo,1
52824685492,https://randomuser.me/api/portraits/men/82.jpg,Profile photo,1
60519085432,https://randomuser.me/api/portraits/men/83.jpg,Profile photo,1
30100090899,https://randomuser.me/api/portraits/men/84.jpg,Profile photo,1
54158929093,https://randomuser.me/api/portraits/men/85.jpg,Profile photo,1
81226815947,https://randomuser.me/api/portraits/men/86.jpg,Profile photo,1
96739798421,https://randomuser.me/api/portraits/men/87.jpg,Profile photo,1
16767187762,https://randomuser.me/api/portraits/women/88.jpg,Profile photo,1
62762922666,https://randomuser.me/api/portraits/women/89.jpg,Profile photo,1
89890749935,https://randomuser.me/api/portraits/women/90.jpg,Profile photo,1
97640838580,https://randomuser.me/api/portraits/men/91.jpg,Profile photo,1
95651887114,https://randomuser.me/api/portraits/men/92.jpg,Profile photo,1
87875703029,https://randomuser.me/api/portraits/women/93.jpg,Profile photo,1
29069522233,https://randomuser.me/api/portraits/men/94.jpg,Profile photo,1
02426624975,https://randomuser.me/api/portraits/women/95.jpg,Profile photo,1
74068735445,https://randomuser.me/api/portraits/women/96.jpg,Profile photo,1
34834835862,https://randomuser.me/api/portraits/women/97.jpg,Profile photo,1
58708943269,https://randomuser.me/api/portraits/men/98.jpg,Profile photo,1
50509284672,https://randomuser.me/api/portraits/women/99.jpg,Profile photo,1
