admission_id,exam_code,exam_type,exam_date,result_text,result_numeric,result_unit,cost,doctor_AMKA
97,37740,"ΥΠΟΒΟΗΘΟΥΜΕΝΗ ΜΕ ΥΠΟΛΟΓΙΣΤΗ ΤΟΠΟΓΡΑΦΙΑ ΤΟΥ ΚΕΡΑΤΟΕΙΔΗ, ΕΤΕΡΟΠΛΕΥΡΗ Ή ΑΜΦΟΤΕΡΟΠΛΕΥΡΗ, ΜΕ ΕΡΜΗΝΕΙΑ ΚΑΙ",2025-02-19 02:50:00,Result for ΥΠΟΒΟΗΘΟΥΜΕΝΗ ΜΕ ΥΠΟΛΟΓΙΣΤΗ ΤΟ,93.23,g/dL,51.42,78759856420
25,33026,ΑΝΤΙΣΩΜΑ ΗΠΑΤΙΤΙΔΑΣ C,2024-05-03 16:02:00,Result for ΑΝΤΙΣΩΜΑ ΗΠΑΤΙΤΙΔΑΣ C,117.93,%,491.43,09320489964
284,19670,"ΑΝΟΣΟΣΦΑΙΡΙΝΗΣ Κ, Λ ΕΛΕΥΘΕΡΕΣ ΑΛΥΣΙΔΕΣ ΟΥΡΩΝ",2025-07-05 21:58:00,"Result for ΑΝΟΣΟΣΦΑΙΡΙΝΗΣ Κ, Λ ΕΛΕΥΘΕΡΕΣ ",445.44,mmol/L,232.66,74112490352
26,47129,"ΟΥΡΟΧΟΛΙΝΟΓΟΝΟ, ΟΥΡΑ, ΗΜΙΠΟΣΟΤΙΚΗ",2025-03-21 20:59:00,"Result for ΟΥΡΟΧΟΛΙΝΟΓΟΝΟ, ΟΥΡΑ, ΗΜΙΠΟΣΟΤ",112.85,g/dL,182.74,52157043315
301,32903,"ΠΟΡΦΥΡΙΝΕΣ, ΠΟΣΟΤΙΚΟΣ ΠΡΟΣΔΙΟΡΙΣΜΟΣ ΚΑΙ ΚΛΑΣΜΑΤΟΠΟΙΗΣΗ ΣΤΑ ΟΥΡΑ",2025-03-15 22:22:00,"Result for ΠΟΡΦΥΡΙΝΕΣ, ΠΟΣΟΤΙΚΟΣ ΠΡΟΣΔΙΟΡ",89.18,%,370.26,25217525007
460,9611,"ΟΣΤΕΟΠΑΘΗΤΙΚΗ ΘΕΡΑΠΕΙΑ (ΟΜΤ), ΣΕ 1-2 ΠΕΡΙΟΧΕΣ ΣΩΜΑΤΟΣ",2024-04-02 05:11:00,"Result for ΟΣΤΕΟΠΑΘΗΤΙΚΗ ΘΕΡΑΠΕΙΑ (ΟΜΤ), ",71.14,ng/mL,473.22,93638546785
384,52973,ΘΕΙΑΜΙΝΗ (ΒΙΤΑΜΙΝΗ Β1),2025-06-15 17:29:00,Result for ΘΕΙΑΜΙΝΗ (ΒΙΤΑΜΙΝΗ Β1),90.98,mg/dL,186.75,85969691557
149,53293,"ΑΝΤΙΣΤΡΕΠΤΟΛΥΣΙΝΗ 0, ΤΙΤΛΟΣ",2024-03-06 12:11:00,"Result for ΑΝΤΙΣΤΡΕΠΤΟΛΥΣΙΝΗ 0, ΤΙΤΛΟΣ",188.50,%,345.70,66687002176
134,21787,ΑΝΙΧΝΕΥΣΗ ΑΝΤΙΓΟΝΟΥ ΙΟΥ ΤΗΣ ΓΡΙΠΗΣ ΤΥΠΟΥ Β,2024-08-27 06:58:00,Result for ΑΝΙΧΝΕΥΣΗ ΑΝΤΙΓΟΝΟΥ ΙΟΥ ΤΗΣ ΓΡ,97.73,mg/dL,349.25,96910858994
419,68875,"ΚΑΘΟΔΗΓΗΣΗ ΜΑΓΝΗΤΙΚΗΣ ΤΟΜΟΓΡΑΦΙΑΣ ΓΙΑ, ΚΑΙ ΑΠΕΙΚΟΝΙΣΗ ΑΦΑΙΡΕΣΗΣ ΠΑΡΕΓΧΥΜΑΤΙΚΟΥ ΙΣΤΟΥ",2024-01-19 09:19:00,Result for ΚΑΘΟΔΗΓΗΣΗ ΜΑΓΝΗΤΙΚΗΣ ΤΟΜΟΓΡΑΦ,221.47,mg/dL,159.32,24065965756
431,99834,"ΨΥΧΙΑΤΡΙΚΗ ΑΞΙΟΛΟΓΗΣΗ ΝΟΣΟΚΟΜΕΙΑΚΩΝ ΑΡΧΕΙΩΝ, ΑΛΛΩΝ ΨΥΧΙΑΤΡΙΚΩΝ ΑΝΑΦΟΡΩΝ, ΨΥΧΟΜΕΤΡΙΚΟ ΤΕΣΤ ΚΑΙ/Ή ΤΕΣΤ",2024-12-21 19:37:00,Result for ΨΥΧΙΑΤΡΙΚΗ ΑΞΙΟΛΟΓΗΣΗ ΝΟΣΟΚΟΜΕ,461.23,mg/dL,142.77,41862565270
11,53703,ΟΞΥΜΕΤΡΙΑ ΚΑΤΑ ΤΟΝ ΥΠΝΟ,2025-01-21 19:43:00,Result for ΟΞΥΜΕΤΡΙΑ ΚΑΤΑ ΤΟΝ ΥΠΝΟ,188.82,%,44.97,50163159996
393,54407,"ΚΥΤΤΑΡΟΤΟΞΙΚΑ ΑΝΤΙΣΩΜΑΤΑ, ΤΑΥΤΟΠΟΙΗΣΗ ΑΝΤΙΣΩΜΑΤΩΝ ΕΙΔΙΚΩΝ ΓΙΑ HLA ΤΑΞΗΣ Ι ΜΕ ΜΕΘΟΔΟ LUMINEX",2024-10-02 15:16:00,"Result for ΚΥΤΤΑΡΟΤΟΞΙΚΑ ΑΝΤΙΣΩΜΑΤΑ, ΤΑΥΤ",311.99,g/dL,204.66,41541520643
325,71483,ΥΠΟΛΟΓΙΣΤΙΚΗ ΚΙΝΗΤΙΚΗ ΑΝΑΛΥΣΗ ΒΑΔΙΣΗΣ ΣΕ ΔΥΝΑΜΟΔΑΠΕΔΟ ΜΕ ΤΑΥΤΟΧΡΟΝΗ ΚΙΝΗΜΑΤΙΚΗ ΑΝΑΛΥΣΗ ΒΑΔΙΣΗΣ ΜΕ ΣΥ,2024-04-15 23:20:00,Result for ΥΠΟΛΟΓΙΣΤΙΚΗ ΚΙΝΗΤΙΚΗ ΑΝΑΛΥΣΗ ,207.12,mEq/L,100.64,79356465193
472,85218,ΠΛΗΘΥΣΜΟΓΡΑΦΙΑ ΜΕ ΕΡΜΗΝΕΙΑ ΚΑΙ ΑΝΑΦΟΡΑ,2025-05-06 05:10:00,Result for ΠΛΗΘΥΣΜΟΓΡΑΦΙΑ ΜΕ ΕΡΜΗΝΕΙΑ ΚΑΙ,456.03,g/dL,18.59,61793271040
42,83263,ΜΑΓΝΗΤΙΚΗ ΕΓΚΕΦΑΛΟΥ ΜΕΛΕΤΗ ΡΟΗΣ ΕΝΥ,2024-10-05 04:51:00,Result for ΜΑΓΝΗΤΙΚΗ ΕΓΚΕΦΑΛΟΥ ΜΕΛΕΤΗ ΡΟΗ,302.33,mg/dL,330.52,03865719182
294,73742,"ΓΟΝΑΔΟΤΡΟΠΙΝΗ, ΧΟΡΙΟΝΙΚΗ (HCG), ΠΟΣΟΤΙΚΗ Β-ΥΠΟΜΟΝΑΔΑ",2024-01-26 09:07:00,"Result for ΓΟΝΑΔΟΤΡΟΠΙΝΗ, ΧΟΡΙΟΝΙΚΗ (HCG)",35.76,cells/uL,117.00,48902503926
78,39571,ΑΝΙΧΝΕΥΣΗ ΓΕΝΕΤΙΚΟΥ ΥΛΙΚΟΥ ΙΟΥ ΗΠΑΤΙΤΙΔΟΣ G ΜΕ ΤΕΧΝΙΚΗ ΑΜΕΣΟΥ ΑΝΙΧΝΕΥΤΗ (DNA PROBE),2024-02-06 21:44:00,Result for ΑΝΙΧΝΕΥΣΗ ΓΕΝΕΤΙΚΟΥ ΥΛΙΚΟΥ ΙΟΥ,290.82,U/L,223.59,96910858994
238,21787,ΑΝΙΧΝΕΥΣΗ ΑΝΤΙΓΟΝΟΥ ΙΟΥ ΤΗΣ ΓΡΙΠΗΣ ΤΥΠΟΥ Β,2025-05-06 05:52:00,Result for ΑΝΙΧΝΕΥΣΗ ΑΝΤΙΓΟΝΟΥ ΙΟΥ ΤΗΣ ΓΡ,311.25,mEq/L,335.40,66687002176
489,29552,ΤΟΝΙΚΗ ΑΚΟΟΜΕΤΡΙΑ (ΟΥΔΟΣ)· ΜΟΝΟ ΑΕΡΙΝΗ ΑΓΩΓΗ,2025-04-01 12:04:00,Result for ΤΟΝΙΚΗ ΑΚΟΟΜΕΤΡΙΑ (ΟΥΔΟΣ)· ΜΟΝ,167.68,mEq/L,315.52,78886101581
14,19069,ΗΛΕΚΤΡΟΦΟΡΗΣΗ HB,2025-08-19 06:13:00,Result for ΗΛΕΚΤΡΟΦΟΡΗΣΗ HB,361.95,U/L,330.80,99702462996
390,86408,"ΑΝΤΙΣΩΜΑ HIV, I ΚΑΙ ΙΙ, ΑΠΛΗ",2024-02-28 18:34:00,"Result for ΑΝΤΙΣΩΜΑ HIV, I ΚΑΙ ΙΙ, ΑΠΛΗ",425.85,U/L,355.14,26841459332
81,96258,ΑΝΕΝΕΡΓΟΣ,2025-09-14 05:54:00,Result for ΑΝΕΝΕΡΓΟΣ,76.00,g/dL,393.23,80170462265
191,48784,ΑΚΤΙΝΟΓΡΑΦΙΑ ΠΡΟΣΘΙΟΥ ΑΚΡΟΥ ΠΛΕΥΡΩΝ,2024-08-10 22:23:00,Result for ΑΚΤΙΝΟΓΡΑΦΙΑ ΠΡΟΣΘΙΟΥ ΑΚΡΟΥ ΠΛ,269.21,cells/uL,276.29,25449481260
275,45527,"ΛΙΠΟΣ Ή ΛΙΠΙΔΙΑ, ΚΟΠΡΑΝΑ. ΠΟΙΟΤΙΚΗ",2024-06-06 00:06:00,"Result for ΛΙΠΟΣ Ή ΛΙΠΙΔΙΑ, ΚΟΠΡΑΝΑ. ΠΟΙΟ",381.81,mmol/L,270.11,61793271040
135,61850,ΤΟΜΟΓΡΑΦΙΑ ΕΚΠΟΜΠΗΣ ΠΟΖΙΤΡΟΝΙΩΝ (ΡΕΤ). ΟΛΟΣΩΜΟΣ ΕΛΕΓΧΟΣ.,2025-02-27 12:19:00,Result for ΤΟΜΟΓΡΑΦΙΑ ΕΚΠΟΜΠΗΣ ΠΟΖΙΤΡΟΝΙΩ,494.41,g/dL,420.21,71324754691
345,29552,ΤΟΝΙΚΗ ΑΚΟΟΜΕΤΡΙΑ (ΟΥΔΟΣ)· ΜΟΝΟ ΑΕΡΙΝΗ ΑΓΩΓΗ,2025-01-31 12:11:00,Result for ΤΟΝΙΚΗ ΑΚΟΟΜΕΤΡΙΑ (ΟΥΔΟΣ)· ΜΟΝ,285.05,ng/mL,226.70,86652404157
269,74984,ΜΑΓΝΗΤΙΚΗ ΜΑΣΤΟΓΡΑΦΙΑ,2024-03-07 16:20:00,Result for ΜΑΓΝΗΤΙΚΗ ΜΑΣΤΟΓΡΑΦΙΑ,387.99,cells/uL,322.52,26442209690
145,25753,"ΕΙΔΙΚΟ ΠΡΟΣΤΑΤΙΚΟ ΑΝΤΙΓΟΝΟ (PSA), ΣΥΝΔΕΔΕΜΕΝΟ (ΑΜΕΣΗ ΜΕΤΡΗΣΗ)",2024-05-27 23:07:00,Result for ΕΙΔΙΚΟ ΠΡΟΣΤΑΤΙΚΟ ΑΝΤΙΓΟΝΟ (PS,297.94,g/dL,116.68,03865719182
338,83374,ΟΠΤΙΚΗ ΣΥΝΕΚΤΙΚΗ ΤΟΜΟΓΡΑΦΙΑ,2024-02-04 04:45:00,Result for ΟΠΤΙΚΗ ΣΥΝΕΚΤΙΚΗ ΤΟΜΟΓΡΑΦΙΑ,465.09,g/dL,97.73,78886101581
99,84798,ΠΡΟΠΕΠΤΙΔΙΟ ΠΡΟΚΟΛΛΑΓ. N-TERMINAL (PINP),2025-02-08 22:04:00,Result for ΠΡΟΠΕΠΤΙΔΙΟ ΠΡΟΚΟΛΛΑΓ. N-TERMI,22.83,g/dL,309.75,78886101581
273,83374,ΟΠΤΙΚΗ ΣΥΝΕΚΤΙΚΗ ΤΟΜΟΓΡΑΦΙΑ,2025-06-11 23:31:00,Result for ΟΠΤΙΚΗ ΣΥΝΕΚΤΙΚΗ ΤΟΜΟΓΡΑΦΙΑ,468.84,mmol/L,54.12,24342661797
442,35994,"ΑΝΙΧΝΕΥΣΗ ΜΕΤΑΛΛΑΞΕΩΝ EGFR ΣΕ ΥΛΙΚΟ ΥΓΡΗΣ ΒΙΟΨΙΑΣ ΓΙΑ ΤΗ ΔΙΑΠΙΣΤΩΣΗ ΕΥΑΙΣΘΗΣΙΑΣ ΣΕ EGFR-TKIs, ΕΞΩΝΙΑ",2025-02-22 13:37:00,Result for ΑΝΙΧΝΕΥΣΗ ΜΕΤΑΛΛΑΞΕΩΝ EGFR ΣΕ ,304.74,mEq/L,291.93,71709991738
270,19552,"D-DIMER (ΠΡΟΪΟΝΤΑ ΑΠΟΔΟΜΗΣΗΣ ΙΝΩΔΟΥΣ), ΗΜΙΠΟΣΟΤΙΚΗ ΜΕΘΟΔΟΣ",2024-09-16 16:44:00,Result for D-DIMER (ΠΡΟΪΟΝΤΑ ΑΠΟΔΟΜΗΣΗΣ Ι,99.66,mg/dL,37.94,87334270866
449,5295,"ΑΝΑΛΥΣΗ ΟΥΡΩΝ. ΑΝΙΧΝΕΥΣΗ ΒΑΚΤΗΡΙΔΙΩΝ, ΕΚΤΟΣ ΑΠΟ ΤΗΝ ΚΑΛΛΙΕΡΓΕΙΑ 'Η ΤΟ ΣΤΙΚ ΕΜΒΥΘΙΣΗΣ",2024-08-17 00:47:00,Result for ΑΝΑΛΥΣΗ ΟΥΡΩΝ. ΑΝΙΧΝΕΥΣΗ ΒΑΚΤΗ,344.13,g/dL,356.05,21510702966
32,83263,ΜΑΓΝΗΤΙΚΗ ΕΓΚΕΦΑΛΟΥ ΜΕΛΕΤΗ ΡΟΗΣ ΕΝΥ,2024-06-07 23:10:00,Result for ΜΑΓΝΗΤΙΚΗ ΕΓΚΕΦΑΛΟΥ ΜΕΛΕΤΗ ΡΟΗ,269.67,U/L,276.55,86652404157
97,57735,"ΑΝΙΧΝΕΥΣΗ ΓΕΝΕΤΙΚΟΥ ΥΛΙΚΟΥ ΜΙΚΡΟΟΡΓΑΝΙΣΜΩΝ ΠΟΥ ΔΕΝ ΑΝΑΦΕΡΟΝΤΑΙ ΑΛΛΟΥ, ΣΕ ΚΛΙΝΙΚΑ ΔΕΙΓΜΑΤΑ ΜΕ ΤΗ ΜΕΘΟ",2025-02-12 20:02:00,Result for ΑΝΙΧΝΕΥΣΗ ΓΕΝΕΤΙΚΟΥ ΥΛΙΚΟΥ ΜΙΚ,163.39,g/dL,142.37,87334270866
454,51735,ΑΝΕΝΕΡΓΟΣ,2025-03-09 22:00:00,Result for ΑΝΕΝΕΡΓΟΣ,467.67,g/dL,463.20,86938068687
432,93247,ΑΚΤΙΝΟΓΡΑΦΙΑ ΥΠΟΓΝΑΘΙΩΝ ΣΙΕΛΟΓΟΝΩΝ ΑΔΕΝΩΝ - ΔΥΟ ΠΡΟΒΟΛΕΣ,2025-04-03 18:49:00,Result for ΑΚΤΙΝΟΓΡΑΦΙΑ ΥΠΟΓΝΑΘΙΩΝ ΣΙΕΛΟΓ,305.77,mg/dL,231.04,71709991738
274,51641,ΠΑΡΑΓΟΝΤΑΣ ΠΗΞΕΩΣ VII ΑΝΤΙΓΟΝΟ ( ELISA),2025-01-06 13:59:00,Result for ΠΑΡΑΓΟΝΤΑΣ ΠΗΞΕΩΣ VII ΑΝΤΙΓΟΝΟ,122.11,U/L,96.88,21510702966
285,27506,ΜΑΓΝΗΤΙΚΗ ΤΟΜΟΓΡΑΦΙΑ ΙΕΡΟΚΟΚΚΥΓΙΚΗΣ ΜΟΙΡΑΣ ΣΠΟΝΔΥΛΙΚΗΣ ΣΤΗΛΗΣ ΜΕ ΣΚΙΑΓΡΑΦΙΚΟ(Α) ΥΛΙΚΟ(Α),2025-10-04 12:43:00,Result for ΜΑΓΝΗΤΙΚΗ ΤΟΜΟΓΡΑΦΙΑ ΙΕΡΟΚΟΚΚΥ,394.82,U/L,115.10,79356465193
248,25753,"ΕΙΔΙΚΟ ΠΡΟΣΤΑΤΙΚΟ ΑΝΤΙΓΟΝΟ (PSA), ΣΥΝΔΕΔΕΜΕΝΟ (ΑΜΕΣΗ ΜΕΤΡΗΣΗ)",2025-07-06 16:21:00,Result for ΕΙΔΙΚΟ ΠΡΟΣΤΑΤΙΚΟ ΑΝΤΙΓΟΝΟ (PS,317.54,cells/uL,96.75,65574313291
233,52973,ΘΕΙΑΜΙΝΗ (ΒΙΤΑΜΙΝΗ Β1),2025-05-12 17:19:00,Result for ΘΕΙΑΜΙΝΗ (ΒΙΤΑΜΙΝΗ Β1),482.57,mmol/L,10.40,30469901398
39,26286,ΑΝΙΧΝΕΥΣΗ ΚΑΙ ΠΟΣΟΤΙΚΟΠΟΙΗΣΗ ΓΕΝΕΤΙΚΟΥ ΥΛΙΚΟΥ ΕΙΔΩΝ CANDIDA ΜΕ REAL TIME PCR,2024-12-05 16:50:00,Result for ΑΝΙΧΝΕΥΣΗ ΚΑΙ ΠΟΣΟΤΙΚΟΠΟΙΗΣΗ Γ,78.51,U/L,361.28,62244472126
79,90843,"ΥΠΕΡΗΧΟΚΑΡΔΙΟΛΟΓΙΚΗ ΜΕΛΕΤΗ ΠΛΗΡΗΣ.(ΔΙΑΘΩΡΑΚΙΚΗ,ΠΡΑΓΜΑΤΙΚΟΥ ΧΡΟΝΟΥ,2-ΔΙΑΣΤΑΣΕΩΝ,ΚΑΤΑΓΡΑΦΗ M-MODE, DOP",2025-07-26 16:46:00,Result for ΥΠΕΡΗΧΟΚΑΡΔΙΟΛΟΓΙΚΗ ΜΕΛΕΤΗ ΠΛΗ,485.41,%,449.88,87334270866
237,55188,ΕΛΕΓΧΟΣ ΒΟΗΘΗΜΑΤΟΣ ΑΚΟΗΣ. ΕΝΑ ΑΥΤΙ,2024-10-10 02:33:00,Result for ΕΛΕΓΧΟΣ ΒΟΗΘΗΜΑΤΟΣ ΑΚΟΗΣ. ΕΝΑ ,238.49,mg/dL,208.97,83096520744
459,9611,"ΟΣΤΕΟΠΑΘΗΤΙΚΗ ΘΕΡΑΠΕΙΑ (ΟΜΤ), ΣΕ 1-2 ΠΕΡΙΟΧΕΣ ΣΩΜΑΤΟΣ",2025-08-11 03:41:00,"Result for ΟΣΤΕΟΠΑΘΗΤΙΚΗ ΘΕΡΑΠΕΙΑ (ΟΜΤ), ",21.82,%,414.51,26442209690
86,27800,ΘΕΡΑΠΕΙΑ ΜΕΛΑΧΡΩΜΑΤΙΚΩΝ ΑΛΛΟΙΩΣΕΩΝ ΜΕ ΛΕΙΖΕΡ (ΑΝΑ ΣΥΝΕΔΡΙΑ),2025-09-30 16:06:00,Result for ΘΕΡΑΠΕΙΑ ΜΕΛΑΧΡΩΜΑΤΙΚΩΝ ΑΛΛΟΙΩ,428.16,mEq/L,131.21,86652404157
39,23735,ΑΝΕΝΕΡΓΟΣ,2024-12-02 19:28:00,Result for ΑΝΕΝΕΡΓΟΣ,478.27,mmol/L,235.72,25217525007
258,30440,ΦΑΙΝΥΝΤΟΙΝΗ,2025-02-08 13:37:00,Result for ΦΑΙΝΥΝΤΟΙΝΗ,426.63,U/L,275.10,93638546785
154,35122,ΕΠΙΔΕΡΜΙΔΙΚΕΣ ΔΟΚΙΜΑΣΙΕΣ ΣΕΤ 30 ΔΟΚΙΜΑΣΙΩΝ,2025-11-06 05:47:00,Result for ΕΠΙΔΕΡΜΙΔΙΚΕΣ ΔΟΚΙΜΑΣΙΕΣ ΣΕΤ 3,337.81,g/dL,353.73,65827109104
193,52653,ΥΠΗΡΕΣΙΕΣ ΚΑΤΑΣΤΟΛΗΣ ΜΕΤΡΙΟΥ ΒΑΘΜΟΥ (ΕΚΤΟΣ ΤΩΝ ΠΕΡΙΓΡΑΦΟΜΕΝΩΝ ΣΤΟΥΣ ΚΩΔΙΚΟΥΣ 00100-01999) ΠΟΥ ΠΑΡΕΧΟ,2024-05-07 17:24:00,Result for ΥΠΗΡΕΣΙΕΣ ΚΑΤΑΣΤΟΛΗΣ ΜΕΤΡΙΟΥ Β,381.88,%,291.63,48149177850
49,86646,ΚΟΛΠΙΚΟ ΝΑΤΡΙΟΥΡΗΤΙΚΟ ΠΕΠΤΙΔΙΟ (ANP),2024-04-04 06:19:00,Result for ΚΟΛΠΙΚΟ ΝΑΤΡΙΟΥΡΗΤΙΚΟ ΠΕΠΤΙΔΙΟ,308.41,g/dL,178.28,87509977008
115,40188,"ΜΟΡΦΟΜΕΤΡΙΚΗ ΑΝΑΛΥΣΗ IN SITU ΥΒΡΙΔΙΣΜΟΥ (FISH, CISH, SISH, GISH) DNA Ή RNA (ΗΜΙΠΟΣΟΤΙΚΗ ΜΕΘΟΔΟΣ), ΣΕ",2024-05-12 13:40:00,Result for ΜΟΡΦΟΜΕΤΡΙΚΗ ΑΝΑΛΥΣΗ IN SITU Υ,318.27,ng/mL,371.71,84282417248
454,20106,ΠΑΡΕΜΒΑΣΗ ΣΕ ΚΡΙΣΗ / ΥΠΗΡΕΣΙΑ - ΙΑΤΡΕΙΟ,2025-03-09 00:28:00,Result for ΠΑΡΕΜΒΑΣΗ ΣΕ ΚΡΙΣΗ / ΥΠΗΡΕΣΙΑ ,134.13,ng/mL,79.93,87509977008
317,5295,"ΑΝΑΛΥΣΗ ΟΥΡΩΝ. ΑΝΙΧΝΕΥΣΗ ΒΑΚΤΗΡΙΔΙΩΝ, ΕΚΤΟΣ ΑΠΟ ΤΗΝ ΚΑΛΛΙΕΡΓΕΙΑ 'Η ΤΟ ΣΤΙΚ ΕΜΒΥΘΙΣΗΣ",2025-07-17 09:04:00,Result for ΑΝΑΛΥΣΗ ΟΥΡΩΝ. ΑΝΙΧΝΕΥΣΗ ΒΑΚΤΗ,382.26,cells/uL,247.37,65574313291
288,62075,ΣΥΜΒΟΥΛΕΥΤΙΚΗ ΓΝΩΜΗ ΜΕ ΣΥΝΤΑΞΗ ΠΟΡΙΣΜΑΤΟΣ ΕΠΙ ΠΑΡΑΠΕΜΠΟΜΕΝΩΝ ΙΣΤΟΛΟΓΙΚΩΝ ΠΛΑΚΙΔΙΩΝ ΠΟΥ ΠΑΡΑΣΚΕΥΑΣΘΗΚ,2024-03-25 19:29:00,Result for ΣΥΜΒΟΥΛΕΥΤΙΚΗ ΓΝΩΜΗ ΜΕ ΣΥΝΤΑΞΗ,153.57,ng/mL,134.91,86652404157
181,37740,"ΥΠΟΒΟΗΘΟΥΜΕΝΗ ΜΕ ΥΠΟΛΟΓΙΣΤΗ ΤΟΠΟΓΡΑΦΙΑ ΤΟΥ ΚΕΡΑΤΟΕΙΔΗ, ΕΤΕΡΟΠΛΕΥΡΗ Ή ΑΜΦΟΤΕΡΟΠΛΕΥΡΗ, ΜΕ ΕΡΜΗΝΕΙΑ ΚΑΙ",2024-05-04 12:17:00,Result for ΥΠΟΒΟΗΘΟΥΜΕΝΗ ΜΕ ΥΠΟΛΟΓΙΣΤΗ ΤΟ,37.73,U/L,403.34,25217525007
411,96251,ΑΝΟΣΟΦΑΙΝΟΤΥΠΟΣ ΚΥΤΤΑΡΩΝ ΥΑΛΟΕΙΔΟΥΣ (ΑΝΑ ΜΟΝΟΚΛΩΝΙΚΟ CD),2024-09-20 13:29:00,Result for ΑΝΟΣΟΦΑΙΝΟΤΥΠΟΣ ΚΥΤΤΑΡΩΝ ΥΑΛΟΕ,121.34,ng/mL,264.30,97062962015
323,25340,ΤΕΛΙΚΟΥ ΣΤΑΔΙΟΥ ΝΕΦΡΙΚΗ ΝΟΣΟΣ (ESRD) ΣΧΕΤΙΚΕΣ ΥΠΗΡΕΣΙΕΣ ΓΙΑ ΑΙΜΟΚΑΘΑΡΣΗ ΛΙΓΟΤΕΡΟ ΑΠΟ ΕΝΑΝ ΟΛΟΚΛΗΡΟ Μ,2024-06-09 23:37:00,Result for ΤΕΛΙΚΟΥ ΣΤΑΔΙΟΥ ΝΕΦΡΙΚΗ ΝΟΣΟΣ ,268.26,mmol/L,498.65,43898364037
150,99752,"ΕΜΒΟΛΙΟ ΕΝΑΝΤΙ ΤΗΣ ΗΠΑΤΙΤΙΔΑΣ Β ΚΑΙ ΤΟΥ ΑΙΜΟΦΙΛΟΥ ΤΗΣ ΙΝΦΛΟΥΕΝΤΖΑΣ (HEPB-HIB), ΓΙΑ ΕΝΔΟΜΥΙΚΗ ΧΡΗΣΗ",2025-08-19 08:18:00,Result for ΕΜΒΟΛΙΟ ΕΝΑΝΤΙ ΤΗΣ ΗΠΑΤΙΤΙΔΑΣ ,158.09,g/dL,334.81,68007229034
264,53703,ΟΞΥΜΕΤΡΙΑ ΚΑΤΑ ΤΟΝ ΥΠΝΟ,2024-09-10 05:07:00,Result for ΟΞΥΜΕΤΡΙΑ ΚΑΤΑ ΤΟΝ ΥΠΝΟ,417.86,mg/dL,90.37,83206038505
72,29552,ΤΟΝΙΚΗ ΑΚΟΟΜΕΤΡΙΑ (ΟΥΔΟΣ)· ΜΟΝΟ ΑΕΡΙΝΗ ΑΓΩΓΗ,2025-01-15 12:18:00,Result for ΤΟΝΙΚΗ ΑΚΟΟΜΕΤΡΙΑ (ΟΥΔΟΣ)· ΜΟΝ,276.48,mg/dL,18.86,33480396522
279,40188,"ΜΟΡΦΟΜΕΤΡΙΚΗ ΑΝΑΛΥΣΗ IN SITU ΥΒΡΙΔΙΣΜΟΥ (FISH, CISH, SISH, GISH) DNA Ή RNA (ΗΜΙΠΟΣΟΤΙΚΗ ΜΕΘΟΔΟΣ), ΣΕ",2025-06-20 08:22:00,Result for ΜΟΡΦΟΜΕΤΡΙΚΗ ΑΝΑΛΥΣΗ IN SITU Υ,260.09,U/L,10.27,94311426265
450,37740,"ΥΠΟΒΟΗΘΟΥΜΕΝΗ ΜΕ ΥΠΟΛΟΓΙΣΤΗ ΤΟΠΟΓΡΑΦΙΑ ΤΟΥ ΚΕΡΑΤΟΕΙΔΗ, ΕΤΕΡΟΠΛΕΥΡΗ Ή ΑΜΦΟΤΕΡΟΠΛΕΥΡΗ, ΜΕ ΕΡΜΗΝΕΙΑ ΚΑΙ",2025-01-27 06:55:00,Result for ΥΠΟΒΟΗΘΟΥΜΕΝΗ ΜΕ ΥΠΟΛΟΓΙΣΤΗ ΤΟ,332.90,mg/dL,171.64,09986162299
157,62075,ΣΥΜΒΟΥΛΕΥΤΙΚΗ ΓΝΩΜΗ ΜΕ ΣΥΝΤΑΞΗ ΠΟΡΙΣΜΑΤΟΣ ΕΠΙ ΠΑΡΑΠΕΜΠΟΜΕΝΩΝ ΙΣΤΟΛΟΓΙΚΩΝ ΠΛΑΚΙΔΙΩΝ ΠΟΥ ΠΑΡΑΣΚΕΥΑΣΘΗΚ,2024-06-17 19:38:00,Result for ΣΥΜΒΟΥΛΕΥΤΙΚΗ ΓΝΩΜΗ ΜΕ ΣΥΝΤΑΞΗ,368.47,mEq/L,418.37,09986162299
381,62075,ΣΥΜΒΟΥΛΕΥΤΙΚΗ ΓΝΩΜΗ ΜΕ ΣΥΝΤΑΞΗ ΠΟΡΙΣΜΑΤΟΣ ΕΠΙ ΠΑΡΑΠΕΜΠΟΜΕΝΩΝ ΙΣΤΟΛΟΓΙΚΩΝ ΠΛΑΚΙΔΙΩΝ ΠΟΥ ΠΑΡΑΣΚΕΥΑΣΘΗΚ,2024-07-10 13:55:00,Result for ΣΥΜΒΟΥΛΕΥΤΙΚΗ ΓΝΩΜΗ ΜΕ ΣΥΝΤΑΞΗ,118.36,g/dL,463.47,30469901398
229,47553,"ΜΑΓΝΗΤΙΚΗ ΤΟΜΟΓΡΑΦΙΑ, ΦΑΣΜΑΤΟΣΚΟΠΙΑ ΕΝΌΣ ΟΡΓΑΝΟΥ",2025-10-25 00:13:00,"Result for ΜΑΓΝΗΤΙΚΗ ΤΟΜΟΓΡΑΦΙΑ, ΦΑΣΜΑΤΟΣ",23.06,%,362.90,48149177850
390,70139,ΑΝΕΝΕΡΓΟΣ,2024-02-29 20:13:00,Result for ΑΝΕΝΕΡΓΟΣ,8.74,%,199.83,03865719182
50,88799,"ΟΛΙΚΗ ΠΡΩΤΕΪΝΗ, ΜΕ ΔΙΑΘΛΑΣΤΙΚΗ ΜΕΘΟΔΟ, ΟΠΟΙΑΔΗΠΟΤΕ ΠΗΓΗ ΔΕΙΓΜΑΤΟΣ",2024-07-06 18:12:00,"Result for ΟΛΙΚΗ ΠΡΩΤΕΪΝΗ, ΜΕ ΔΙΑΘΛΑΣΤΙΚΗ",412.75,mEq/L,221.68,71324754691
292,27506,ΜΑΓΝΗΤΙΚΗ ΤΟΜΟΓΡΑΦΙΑ ΙΕΡΟΚΟΚΚΥΓΙΚΗΣ ΜΟΙΡΑΣ ΣΠΟΝΔΥΛΙΚΗΣ ΣΤΗΛΗΣ ΜΕ ΣΚΙΑΓΡΑΦΙΚΟ(Α) ΥΛΙΚΟ(Α),2024-12-02 23:58:00,Result for ΜΑΓΝΗΤΙΚΗ ΤΟΜΟΓΡΑΦΙΑ ΙΕΡΟΚΟΚΚΥ,9.85,mmol/L,270.10,18785191088
83,96258,ΑΝΕΝΕΡΓΟΣ,2025-06-28 01:01:00,Result for ΑΝΕΝΕΡΓΟΣ,56.59,U/L,219.59,74112490352
455,30118,ΑΝΕΝΕΡΓΟΣ,2025-07-10 08:58:00,Result for ΑΝΕΝΕΡΓΟΣ,147.88,mEq/L,74.45,09320489964
305,29958,ΚΥΤΤΑΡΟΛΟΓΙΚΗ ΕΞΕΤΑΣΗ ΥΛΙΚΟΥ ΕΝΤΥΠΩΜΑΤΩΝ ΑΠΌ ΟΠΟΙΑΔΗΠΟΤΕ ΠΗΓΗ ΠΡΟΕΛΕΥΣΗΣ. ΑΞΙΟΛΟΓΗΣΗ ΚΑΙ ΔΙΑΓΝΩΣΗ ΑΠ,2024-07-01 08:42:00,Result for ΚΥΤΤΑΡΟΛΟΓΙΚΗ ΕΞΕΤΑΣΗ ΥΛΙΚΟΥ Ε,171.54,cells/uL,283.73,26841459332
476,13578,ΕΝΔΟΣΚΟΠΗΣΗ ΑΝΩΤΕΡΟΥ ΠΕΠΤΙΚΟΥ ΜΕ ΚΑΤΑΣΤΡΟΦΗ ΟΙΣΟΦΑΓΟΥ BARRETT ΜΕ ΦΩΤΟΔΥΝΑΜΙΚΗ ΘΕΡΑΠΕΙΑ,2025-06-07 09:02:00,Result for ΕΝΔΟΣΚΟΠΗΣΗ ΑΝΩΤΕΡΟΥ ΠΕΠΤΙΚΟΥ ,188.98,g/dL,67.25,03865719182
467,68389,"ΠΡΟΚΑΤΕΡΓΑΣΙΑ ΤΟΥ ΟΡΟΥ ΓΙΑ ΧΡΗΣΗ ΤΟΥ ΣΕ ΤΑΥΤΟΠΟΙΗΣΗ ΑΝΤΙΣΩΜΑΤΟΣ ΕΡΥΘΡΩΝ ΑΙΜΟΣΦΑΙΡΙΩΝ, ΕΠΩΑΣΗ ΜΕ ΑΝΑΣ",2024-12-31 13:55:00,Result for ΠΡΟΚΑΤΕΡΓΑΣΙΑ ΤΟΥ ΟΡΟΥ ΓΙΑ ΧΡΗ,238.90,%,466.90,65827109104
394,86299,ΠΡΟΣΔΙΟΡΙΣΜΟΣ ΑΝΤΙΣΩΜAΤΩΝ KATA ΤΟΥ ΙΟΥ ΤΗΣ ΗΠΑΤΙΤΙΔΑΣ D (anti-HDV),2025-02-03 03:38:00,Result for ΠΡΟΣΔΙΟΡΙΣΜΟΣ ΑΝΤΙΣΩΜAΤΩΝ KATA,4.06,U/L,115.57,94311426265
326,44506,ΣΠΙΝΘΗΡΟΓΡΑΦΗΜΑ ΜΕ ΙΩΔΙΟ-131. ΟΛΟΣΩΜΟ,2024-10-27 08:31:00,Result for ΣΠΙΝΘΗΡΟΓΡΑΦΗΜΑ ΜΕ ΙΩΔΙΟ-131. ,153.72,cells/uL,158.75,25449481260
148,13578,ΕΝΔΟΣΚΟΠΗΣΗ ΑΝΩΤΕΡΟΥ ΠΕΠΤΙΚΟΥ ΜΕ ΚΑΤΑΣΤΡΟΦΗ ΟΙΣΟΦΑΓΟΥ BARRETT ΜΕ ΦΩΤΟΔΥΝΑΜΙΚΗ ΘΕΡΑΠΕΙΑ,2025-03-30 07:38:00,Result for ΕΝΔΟΣΚΟΠΗΣΗ ΑΝΩΤΕΡΟΥ ΠΕΠΤΙΚΟΥ ,218.59,g/dL,57.23,51627136111
422,99752,"ΕΜΒΟΛΙΟ ΕΝΑΝΤΙ ΤΗΣ ΗΠΑΤΙΤΙΔΑΣ Β ΚΑΙ ΤΟΥ ΑΙΜΟΦΙΛΟΥ ΤΗΣ ΙΝΦΛΟΥΕΝΤΖΑΣ (HEPB-HIB), ΓΙΑ ΕΝΔΟΜΥΙΚΗ ΧΡΗΣΗ",2025-06-04 10:00:00,Result for ΕΜΒΟΛΙΟ ΕΝΑΝΤΙ ΤΗΣ ΗΠΑΤΙΤΙΔΑΣ ,244.60,mmol/L,485.03,82507146112
148,55188,ΕΛΕΓΧΟΣ ΒΟΗΘΗΜΑΤΟΣ ΑΚΟΗΣ. ΕΝΑ ΑΥΤΙ,2025-03-28 06:06:00,Result for ΕΛΕΓΧΟΣ ΒΟΗΘΗΜΑΤΟΣ ΑΚΟΗΣ. ΕΝΑ ,83.20,mg/dL,11.63,53269731121
128,23735,ΑΝΕΝΕΡΓΟΣ,2025-10-29 05:05:00,Result for ΑΝΕΝΕΡΓΟΣ,465.27,mmol/L,465.35,83206038505
399,51735,ΑΝΕΝΕΡΓΟΣ,2025-03-31 20:29:00,Result for ΑΝΕΝΕΡΓΟΣ,247.38,cells/uL,388.48,21851569154
275,42441,"ΚΕΤΟΓΟΝΑ ΣΤΕΡΟΕΙΔΗ, ΚΛΑΣΜΑΤΟΠΟΙΗΣΗ",2024-06-04 19:22:00,"Result for ΚΕΤΟΓΟΝΑ ΣΤΕΡΟΕΙΔΗ, ΚΛΑΣΜΑΤΟΠΟ",277.89,%,281.53,09986162299
88,35498,ΥΠΟΛΟΓΙΣΤΙΚΑ ΥΠΟΒΟΗΘΟΥΜΕΝΗ ΑΝΙΧΝΕΥΣΗ (ΑΛΓΟΡΙΘΜΙΚΗ ΑΝΑΛΥΣΗ ΔΕΔΟΜΕΝΩΝ ΨΗΦΙΑΚΗΣ ΕΙΚΟΝΑΣ ΣΕ ΥΠΟΛΟΓΙΣΤΗ Γ,2025-02-06 05:43:00,Result for ΥΠΟΛΟΓΙΣΤΙΚΑ ΥΠΟΒΟΗΘΟΥΜΕΝΗ ΑΝΙ,420.86,g/dL,359.27,78886101581
161,88763,"ΚΑΘΕΤΗΡΙΑΣΜΟΣ ΣΤΟΜΑΧΟΥ ΚΑΙ ΑΝΑΡΡΟΦΗΣΗ, ΔΙΑΓΝΩΣΤΙΚΗ, ΕΚΑΣΤΟ ΔΕΙΓΜΑ, ΓΙΑ ΧΗΜΙΚΗ ΑΝΑΛΥΣΗ Ή ΚΥΤΤΑΡΟΛΟΓΙΚ",2024-09-12 16:20:00,Result for ΚΑΘΕΤΗΡΙΑΣΜΟΣ ΣΤΟΜΑΧΟΥ ΚΑΙ ΑΝΑ,244.68,mmol/L,229.83,87334270866
29,61033,ΑΝΤΙΣΩΜΑΤΑ ΚΑΤΑ HAEMOPHILUS INFLUENZAE,2024-08-25 20:03:00,Result for ΑΝΤΙΣΩΜΑΤΑ ΚΑΤΑ HAEMOPHILUS IN,181.70,mmol/L,136.58,43898364037
233,75158,ΠΡΟΣΔΙΟΡΙΣΜΟΣ ΕΙΔΙΚΩΝ IgG ΑΝΤΙΣΩΜAΤΩΝ ΚΑΤΑ BARTONELLA HENSELAE,2025-05-12 07:48:00,Result for ΠΡΟΣΔΙΟΡΙΣΜΟΣ ΕΙΔΙΚΩΝ IgG ΑΝΤΙ,183.12,U/L,184.74,54589297500
73,44506,ΣΠΙΝΘΗΡΟΓΡΑΦΗΜΑ ΜΕ ΙΩΔΙΟ-131. ΟΛΟΣΩΜΟ,2024-10-02 23:47:00,Result for ΣΠΙΝΘΗΡΟΓΡΑΦΗΜΑ ΜΕ ΙΩΔΙΟ-131. ,426.60,mEq/L,64.95,67116845775
405,77714,"ΕΜΒΟΛΙΟ ΕΝΑΝΤΙ ΤΟΥ ΡΟΤΑΪΟΥ, ΠΕΝΤΑΔΥΝΑΜΟ, ΣΕ ΣΧΗΜΑ 3 ΔΟΣΕΩΝ, ΜΕ ΖΩΝΤΕΣ ΜΙΚΡΟΟΡΓΑΝΙΣΜΟΥΣ, ΓΙΑ ΧΡΗΣΗ ΑΠ",2024-05-19 18:19:00,"Result for ΕΜΒΟΛΙΟ ΕΝΑΝΤΙ ΤΟΥ ΡΟΤΑΪΟΥ, ΠΕ",351.19,ng/mL,107.73,42701039308
149,25340,ΤΕΛΙΚΟΥ ΣΤΑΔΙΟΥ ΝΕΦΡΙΚΗ ΝΟΣΟΣ (ESRD) ΣΧΕΤΙΚΕΣ ΥΠΗΡΕΣΙΕΣ ΓΙΑ ΑΙΜΟΚΑΘΑΡΣΗ ΛΙΓΟΤΕΡΟ ΑΠΟ ΕΝΑΝ ΟΛΟΚΛΗΡΟ Μ,2024-03-05 10:14:00,Result for ΤΕΛΙΚΟΥ ΣΤΑΔΙΟΥ ΝΕΦΡΙΚΗ ΝΟΣΟΣ ,244.22,mg/dL,118.90,84282417248
64,77373,"ΑΝΤΙΣΩΜΑΤΑ ΕΝΑΝΤΙ ΦΩΣΦΑΤΙΔΥΛΑΙΘΑΝΟΛΑΜΙΝΗΣ IGG, IGM, IGA (ΑΝΑ ΙΣΟΤΥΠΟ)",2024-09-02 02:55:00,Result for ΑΝΤΙΣΩΜΑΤΑ ΕΝΑΝΤΙ ΦΩΣΦΑΤΙΔΥΛΑΙ,393.78,U/L,127.43,86938068687
330,74059,ΣΩΜΑΤΟΔΕΜΙΝΗ,2024-09-23 13:59:00,Result for ΣΩΜΑΤΟΔΕΜΙΝΗ,18.81,ng/mL,257.95,41862565270
456,96563,"ΕΦΑΡΜΟΓΗ ΜΙΑΣ ΜΕΘΟΔΟΥ ΣΕ ΜΙΑ Ή ΠΕΡΙΣΣΟΤΕΡΕΣ ΠΕΡΙΟΧΕΣ, ΛΟΥΤΡΑ ΑΝΤΙΘΕΣΗΣ, ΚΑΘΕ 15 ΛΕΠΤΑ",2024-06-04 11:50:00,Result for ΕΦΑΡΜΟΓΗ ΜΙΑΣ ΜΕΘΟΔΟΥ ΣΕ ΜΙΑ Ή,87.13,ng/mL,106.19,94311426265
147,53859,ΚΡΥΣΦΑΙΡΙΝΕΣ ΠΟΣΟΤΙΚΟΣ ΠΡΟΣΔΙΟΡΙΣΜΟΣ,2025-07-22 10:43:00,Result for ΚΡΥΣΦΑΙΡΙΝΕΣ ΠΟΣΟΤΙΚΟΣ ΠΡΟΣΔΙΟ,31.39,g/dL,69.89,71324754691
355,19150,EMPLEY,2024-11-01 21:13:00,Result for EMPLEY,463.30,U/L,246.49,54589297500
413,30118,ΑΝΕΝΕΡΓΟΣ,2025-03-18 16:36:00,Result for ΑΝΕΝΕΡΓΟΣ,431.75,%,218.18,87205061497
245,47129,"ΟΥΡΟΧΟΛΙΝΟΓΟΝΟ, ΟΥΡΑ, ΗΜΙΠΟΣΟΤΙΚΗ",2025-07-15 12:31:00,"Result for ΟΥΡΟΧΟΛΙΝΟΓΟΝΟ, ΟΥΡΑ, ΗΜΙΠΟΣΟΤ",43.90,ng/mL,226.92,62244472126
194,17128,ΘΕΡΑΠΕΥΤΙΚΗ ΧΟΡΗΓΗΣΗ ΙΣΟΤΟΠΩΝ ΕΠΙΣΗΜΑΣΜΕΝΩΝ ΜΕ ΜΟΝΟΚΛΩΝΙΚΑ ΑΝΤΙΣΩΜΑΤΑ.,2025-07-12 18:59:00,Result for ΘΕΡΑΠΕΥΤΙΚΗ ΧΟΡΗΓΗΣΗ ΙΣΟΤΟΠΩΝ ,32.75,mEq/L,120.00,48902503926
417,9199,ΕΙΚΟΝΙΚΗ ΕΝΔΟΣΚΟΠΗΣΗ ΠΑΧΕΟΣ ΕΝΤΕΡΟΥ,2024-10-19 19:36:00,Result for ΕΙΚΟΝΙΚΗ ΕΝΔΟΣΚΟΠΗΣΗ ΠΑΧΕΟΣ ΕΝ,128.55,cells/uL,318.26,83206038505
221,41928,ΤΡΑΝΣΦΕΡΙΝΗ,2024-09-04 19:37:00,Result for ΤΡΑΝΣΦΕΡΙΝΗ,287.60,mg/dL,347.85,52866929662
58,99752,"ΕΜΒΟΛΙΟ ΕΝΑΝΤΙ ΤΗΣ ΗΠΑΤΙΤΙΔΑΣ Β ΚΑΙ ΤΟΥ ΑΙΜΟΦΙΛΟΥ ΤΗΣ ΙΝΦΛΟΥΕΝΤΖΑΣ (HEPB-HIB), ΓΙΑ ΕΝΔΟΜΥΙΚΗ ΧΡΗΣΗ",2024-02-29 15:14:00,Result for ΕΜΒΟΛΙΟ ΕΝΑΝΤΙ ΤΗΣ ΗΠΑΤΙΤΙΔΑΣ ,288.76,U/L,418.00,18785191088
351,51641,ΠΑΡΑΓΟΝΤΑΣ ΠΗΞΕΩΣ VII ΑΝΤΙΓΟΝΟ ( ELISA),2024-08-23 22:05:00,Result for ΠΑΡΑΓΟΝΤΑΣ ΠΗΞΕΩΣ VII ΑΝΤΙΓΟΝΟ,270.20,cells/uL,335.15,43898364037
149,93247,ΑΚΤΙΝΟΓΡΑΦΙΑ ΥΠΟΓΝΑΘΙΩΝ ΣΙΕΛΟΓΟΝΩΝ ΑΔΕΝΩΝ - ΔΥΟ ΠΡΟΒΟΛΕΣ,2024-03-09 12:17:00,Result for ΑΚΤΙΝΟΓΡΑΦΙΑ ΥΠΟΓΝΑΘΙΩΝ ΣΙΕΛΟΓ,368.09,mEq/L,313.43,74517133959
481,51151,ΜΕΘΑΙΜΟΛΕΥΚΩΜΑΤΙΝΗ,2025-06-24 18:23:00,Result for ΜΕΘΑΙΜΟΛΕΥΚΩΜΑΤΙΝΗ,219.08,%,413.70,71709991738
456,68905,ΑΝΕΝΕΡΓΟΣ,2024-06-09 22:36:00,Result for ΑΝΕΝΕΡΓΟΣ,174.33,g/dL,473.27,52157043315
380,17128,ΘΕΡΑΠΕΥΤΙΚΗ ΧΟΡΗΓΗΣΗ ΙΣΟΤΟΠΩΝ ΕΠΙΣΗΜΑΣΜΕΝΩΝ ΜΕ ΜΟΝΟΚΛΩΝΙΚΑ ΑΝΤΙΣΩΜΑΤΑ.,2024-04-02 05:09:00,Result for ΘΕΡΑΠΕΥΤΙΚΗ ΧΟΡΗΓΗΣΗ ΙΣΟΤΟΠΩΝ ,35.82,ng/mL,368.25,93638546785
312,47570,ΠΡΟΣΔΙΟΡΙΣΜΟΣ ΕΙΔΙΚΩΝ IgG ΑΝΤΙΣΩΜAΤΩΝ ΚΑΤΑ BORRELIA BURGDORFERI (ΝΟΣΟΣ LYME),2025-04-01 16:34:00,Result for ΠΡΟΣΔΙΟΡΙΣΜΟΣ ΕΙΔΙΚΩΝ IgG ΑΝΤΙ,93.85,ng/mL,450.37,30047868633
237,68905,ΑΝΕΝΕΡΓΟΣ,2024-10-09 18:33:00,Result for ΑΝΕΝΕΡΓΟΣ,149.69,mEq/L,463.47,08330165712
416,75158,ΠΡΟΣΔΙΟΡΙΣΜΟΣ ΕΙΔΙΚΩΝ IgG ΑΝΤΙΣΩΜAΤΩΝ ΚΑΤΑ BARTONELLA HENSELAE,2024-05-24 13:31:00,Result for ΠΡΟΣΔΙΟΡΙΣΜΟΣ ΕΙΔΙΚΩΝ IgG ΑΝΤΙ,380.30,g/dL,266.31,87334270866
201,70139,ΑΝΕΝΕΡΓΟΣ,2024-11-23 05:46:00,Result for ΑΝΕΝΕΡΓΟΣ,108.90,mg/dL,112.86,41862565270
258,13708,"EVEROLIMUS, ΠΡΟΣΔΙΟΡΙΣΜΟΣ ΕΠΙΠΕΔΩΝ",2025-02-03 17:07:00,"Result for EVEROLIMUS, ΠΡΟΣΔΙΟΡΙΣΜΟΣ ΕΠΙΠ",387.70,U/L,308.78,43898364037
252,31342,ΙΣΟΚΙΤΡΙΚΗ ΑΦΥΔΡΟΓΟΝΑΣΗ (IDH),2025-08-29 10:36:00,Result for ΙΣΟΚΙΤΡΙΚΗ ΑΦΥΔΡΟΓΟΝΑΣΗ (IDH),5.78,mg/dL,371.57,22332061632
317,86949,ΒΑΖΟΠΡΕΣΣΙΝΗ ΑΡΓΙΝΙΝΗ,2025-07-04 03:28:00,Result for ΒΑΖΟΠΡΕΣΣΙΝΗ ΑΡΓΙΝΙΝΗ,234.06,mg/dL,191.50,57972798552
76,5295,"ΑΝΑΛΥΣΗ ΟΥΡΩΝ. ΑΝΙΧΝΕΥΣΗ ΒΑΚΤΗΡΙΔΙΩΝ, ΕΚΤΟΣ ΑΠΟ ΤΗΝ ΚΑΛΛΙΕΡΓΕΙΑ 'Η ΤΟ ΣΤΙΚ ΕΜΒΥΘΙΣΗΣ",2024-10-14 18:13:00,Result for ΑΝΑΛΥΣΗ ΟΥΡΩΝ. ΑΝΙΧΝΕΥΣΗ ΒΑΚΤΗ,110.58,%,53.82,71324754691
425,19670,"ΑΝΟΣΟΣΦΑΙΡΙΝΗΣ Κ, Λ ΕΛΕΥΘΕΡΕΣ ΑΛΥΣΙΔΕΣ ΟΥΡΩΝ",2025-10-05 17:48:00,"Result for ΑΝΟΣΟΣΦΑΙΡΙΝΗΣ Κ, Λ ΕΛΕΥΘΕΡΕΣ ",10.43,ng/mL,480.98,41541520643
7,77032,ΑΚΤΙΝΟΓΡΑΦΙΑ ΔΑΚΤΥΛΟΥ ΧΕΙΡΟΣ (ΚΑΤΑ ΜΕΤΩΠΟ ΚΑΙ ΠΛΑΓΙΑ ΠΡΟΒΟΛΗ),2024-01-19 21:25:00,Result for ΑΚΤΙΝΟΓΡΑΦΙΑ ΔΑΚΤΥΛΟΥ ΧΕΙΡΟΣ (,10.09,mmol/L,69.71,41541520643
124,31342,ΙΣΟΚΙΤΡΙΚΗ ΑΦΥΔΡΟΓΟΝΑΣΗ (IDH),2024-11-20 07:54:00,Result for ΙΣΟΚΙΤΡΙΚΗ ΑΦΥΔΡΟΓΟΝΑΣΗ (IDH),266.37,ng/mL,160.61,68007229034
331,83263,ΜΑΓΝΗΤΙΚΗ ΕΓΚΕΦΑΛΟΥ ΜΕΛΕΤΗ ΡΟΗΣ ΕΝΥ,2024-08-26 07:46:00,Result for ΜΑΓΝΗΤΙΚΗ ΕΓΚΕΦΑΛΟΥ ΜΕΛΕΤΗ ΡΟΗ,213.35,mg/dL,348.14,41541520643
168,56816,ΑΚΟΟΜΕΤΡΙΑ ΟΥΔΟΥ ΟΜΙΛΙΑΣ·,2025-06-18 22:07:00,Result for ΑΚΟΟΜΕΤΡΙΑ ΟΥΔΟΥ ΟΜΙΛΙΑΣ·,21.45,%,39.89,22332061632
70,9969,"ΥΠΕΡΗΧΟΚΑΡΔΙΟΛΟΓΙΚΗ ΜΕΛΕΤΗ ΠΕΡΙΟΡΙΣΜΕΝΗ.(ΔΙΑΘΩΡΑΚΙΚΗ,ΠΡΓΜΑΤΙΚΟΥ ΧΡΟΝΟΥ,2-ΔΙΑΣΤΑΣΕΩΝ,ΚΑΤΑΓΡΑΦΗ M-MODE",2024-01-08 14:13:00,Result for ΥΠΕΡΗΧΟΚΑΡΔΙΟΛΟΓΙΚΗ ΜΕΛΕΤΗ ΠΕΡ,200.29,%,467.01,67116845775
408,99834,"ΨΥΧΙΑΤΡΙΚΗ ΑΞΙΟΛΟΓΗΣΗ ΝΟΣΟΚΟΜΕΙΑΚΩΝ ΑΡΧΕΙΩΝ, ΑΛΛΩΝ ΨΥΧΙΑΤΡΙΚΩΝ ΑΝΑΦΟΡΩΝ, ΨΥΧΟΜΕΤΡΙΚΟ ΤΕΣΤ ΚΑΙ/Ή ΤΕΣΤ",2024-03-16 12:48:00,Result for ΨΥΧΙΑΤΡΙΚΗ ΑΞΙΟΛΟΓΗΣΗ ΝΟΣΟΚΟΜΕ,201.09,ng/mL,48.64,86938068687
354,48784,ΑΚΤΙΝΟΓΡΑΦΙΑ ΠΡΟΣΘΙΟΥ ΑΚΡΟΥ ΠΛΕΥΡΩΝ,2024-01-21 12:36:00,Result for ΑΚΤΙΝΟΓΡΑΦΙΑ ΠΡΟΣΘΙΟΥ ΑΚΡΟΥ ΠΛ,122.75,%,128.58,65827109104
317,48782,"ΕΛΙΚΟΒΑΚΤΗΡΙΔΙΟ ΤΟΥ ΠΥΛΩΡΟΥ, ΔΟΚΙΜΑΣΙΑΣ ΕΚΠΝΟΗΣ ΓΙΑ ΔΡΑΣΤΙΚΟΤΗΤΑ ΟΥΡΕΑΣΗΣ, ΜΗ ΡΑΔΙΕΝΕΡΓΟ ΙΣΟΤΟΠΟ (EG",2025-06-29 20:21:00,"Result for ΕΛΙΚΟΒΑΚΤΗΡΙΔΙΟ ΤΟΥ ΠΥΛΩΡΟΥ, Δ",272.32,cells/uL,54.27,87072867908
325,66665,ΜΗ ΚΑΤΑΓΕΓΡΑΜΜΕΝΗ ΔΙΑΓΝΩΣΤΙΚΗ ΓΑΣΤΡΕΝΤΕΡΙΚΗ ΔΙΑΔΙΚΑΣΙΑ,2024-04-17 07:05:00,Result for ΜΗ ΚΑΤΑΓΕΓΡΑΜΜΕΝΗ ΔΙΑΓΝΩΣΤΙΚΗ ,325.37,cells/uL,412.00,25449481260
123,63003,"ΑΞΟΝΙΚΗ ΤΟΜΟΓΡΑΦΙΑ, ΚΑΤΩ ΚΟΙΛΙΑΣ-ΠΥΕΛΟΥ, ΜΕ ΣΚΙΑΓΡΑΦΙΚΟ(Α) ΥΛΙΚΟ(Α)",2024-10-22 05:22:00,"Result for ΑΞΟΝΙΚΗ ΤΟΜΟΓΡΑΦΙΑ, ΚΑΤΩ ΚΟΙΛΙ",173.42,mmol/L,59.62,68007229034
149,29958,ΚΥΤΤΑΡΟΛΟΓΙΚΗ ΕΞΕΤΑΣΗ ΥΛΙΚΟΥ ΕΝΤΥΠΩΜΑΤΩΝ ΑΠΌ ΟΠΟΙΑΔΗΠΟΤΕ ΠΗΓΗ ΠΡΟΕΛΕΥΣΗΣ. ΑΞΙΟΛΟΓΗΣΗ ΚΑΙ ΔΙΑΓΝΩΣΗ ΑΠ,2024-03-05 21:08:00,Result for ΚΥΤΤΑΡΟΛΟΓΙΚΗ ΕΞΕΤΑΣΗ ΥΛΙΚΟΥ Ε,419.18,U/L,241.05,60937966033
94,55765,ΟΙΣΤΡΟΝΗ ΑΙΜΑΤΟΣ,2025-04-12 17:38:00,Result for ΟΙΣΤΡΟΝΗ ΑΙΜΑΤΟΣ,210.97,cells/uL,210.83,33480396522
176,10803,ΒTK ΜΕ ΜΟΡΙΑΚΕΣ ΤΕΧΝΙΚΕΣ,2024-08-08 16:05:00,Result for ΒTK ΜΕ ΜΟΡΙΑΚΕΣ ΤΕΧΝΙΚΕΣ,188.92,mEq/L,135.65,60937966033
419,2728,ΑΝΙΧΝΕΥΣΗ ΑΝΤΙΓΟΝΟY HIV-1,2024-01-11 03:39:00,Result for ΑΝΙΧΝΕΥΣΗ ΑΝΤΙΓΟΝΟY HIV-1,499.59,ng/mL,479.86,65574313291
166,64047,ΑΚΤΙΝΟΓΡΑΦΙΑ ΘΩΡΑΚΑ ΛΟΡΔΩΤΙΚΗ ΠΡΟΒΟΛΗ,2025-09-30 20:58:00,Result for ΑΚΤΙΝΟΓΡΑΦΙΑ ΘΩΡΑΚΑ ΛΟΡΔΩΤΙΚΗ ,149.88,mEq/L,31.00,79356465193
192,15886,ΠΑΡΑΓΟΝΤΑΣ ΠΗΞΕΩΣ VIΙΙ ΑΝΤΙΓΟΝΟ ( ELISA),2025-08-20 21:35:00,Result for ΠΑΡΑΓΟΝΤΑΣ ΠΗΞΕΩΣ VIΙΙ ΑΝΤΙΓΟΝ,273.48,g/dL,250.30,09320489964
110,61581,"ΑΚΤΙΝΟΘΕΡΑΠΕΙΑ ΜΕ ΠΡΩΤΟΝΙΑ. ΣΥΝΘΕΤΗ (SCANNING BEAM, IMPT)",2024-10-03 15:26:00,Result for ΑΚΤΙΝΟΘΕΡΑΠΕΙΑ ΜΕ ΠΡΩΤΟΝΙΑ. ΣΥ,104.34,g/dL,467.48,08330165712
261,61581,"ΑΚΤΙΝΟΘΕΡΑΠΕΙΑ ΜΕ ΠΡΩΤΟΝΙΑ. ΣΥΝΘΕΤΗ (SCANNING BEAM, IMPT)",2024-10-03 08:43:00,Result for ΑΚΤΙΝΟΘΕΡΑΠΕΙΑ ΜΕ ΠΡΩΤΟΝΙΑ. ΣΥ,135.37,mmol/L,269.15,30469901398
297,17128,ΘΕΡΑΠΕΥΤΙΚΗ ΧΟΡΗΓΗΣΗ ΙΣΟΤΟΠΩΝ ΕΠΙΣΗΜΑΣΜΕΝΩΝ ΜΕ ΜΟΝΟΚΛΩΝΙΚΑ ΑΝΤΙΣΩΜΑΤΑ.,2025-07-29 06:59:00,Result for ΘΕΡΑΠΕΥΤΙΚΗ ΧΟΡΗΓΗΣΗ ΙΣΟΤΟΠΩΝ ,10.90,cells/uL,291.82,82507146112
23,9611,"ΟΣΤΕΟΠΑΘΗΤΙΚΗ ΘΕΡΑΠΕΙΑ (ΟΜΤ), ΣΕ 1-2 ΠΕΡΙΟΧΕΣ ΣΩΜΑΤΟΣ",2024-09-09 08:44:00,"Result for ΟΣΤΕΟΠΑΘΗΤΙΚΗ ΘΕΡΑΠΕΙΑ (ΟΜΤ), ",378.11,mg/dL,289.14,74112490352
89,61850,ΤΟΜΟΓΡΑΦΙΑ ΕΚΠΟΜΠΗΣ ΠΟΖΙΤΡΟΝΙΩΝ (ΡΕΤ). ΟΛΟΣΩΜΟΣ ΕΛΕΓΧΟΣ.,2024-06-08 19:32:00,Result for ΤΟΜΟΓΡΑΦΙΑ ΕΚΠΟΜΠΗΣ ΠΟΖΙΤΡΟΝΙΩ,227.23,mEq/L,436.87,97062962015
387,83374,ΟΠΤΙΚΗ ΣΥΝΕΚΤΙΚΗ ΤΟΜΟΓΡΑΦΙΑ,2024-01-08 07:53:00,Result for ΟΠΤΙΚΗ ΣΥΝΕΚΤΙΚΗ ΤΟΜΟΓΡΑΦΙΑ,415.73,%,273.44,65827109104
458,9199,ΕΙΚΟΝΙΚΗ ΕΝΔΟΣΚΟΠΗΣΗ ΠΑΧΕΟΣ ΕΝΤΕΡΟΥ,2024-12-11 03:29:00,Result for ΕΙΚΟΝΙΚΗ ΕΝΔΟΣΚΟΠΗΣΗ ΠΑΧΕΟΣ ΕΝ,133.01,U/L,20.42,33480396522
496,62075,ΣΥΜΒΟΥΛΕΥΤΙΚΗ ΓΝΩΜΗ ΜΕ ΣΥΝΤΑΞΗ ΠΟΡΙΣΜΑΤΟΣ ΕΠΙ ΠΑΡΑΠΕΜΠΟΜΕΝΩΝ ΙΣΤΟΛΟΓΙΚΩΝ ΠΛΑΚΙΔΙΩΝ ΠΟΥ ΠΑΡΑΣΚΕΥΑΣΘΗΚ,2025-06-05 03:50:00,Result for ΣΥΜΒΟΥΛΕΥΤΙΚΗ ΓΝΩΜΗ ΜΕ ΣΥΝΤΑΞΗ,52.92,cells/uL,421.18,88317121003
421,80065,ΕΛΕΓΧΟΣ ΓΙΑ ΕΛΙΚΟΒΑΚΤΗΡΙΔΙΟ ΤΟΥ ΠΥΛΩΡΟΥ ΜΕ CLO TEST,2025-09-06 06:19:00,Result for ΕΛΕΓΧΟΣ ΓΙΑ ΕΛΙΚΟΒΑΚΤΗΡΙΔΙΟ ΤΟ,473.56,mmol/L,258.56,50723688767
106,47089,ΥΠΕΡΗΧΟΓΡΑΦΗΜΑ ΥΠΕΡΚΛΕΙΔΙΟΥ ΒΟΘΡΟΥ,2025-09-30 20:47:00,Result for ΥΠΕΡΗΧΟΓΡΑΦΗΜΑ ΥΠΕΡΚΛΕΙΔΙΟΥ ΒΟ,179.64,U/L,368.83,99702462996
110,66439,ΜΥΟΣΦΑΙΡΙΝΗ,2024-10-05 14:00:00,Result for ΜΥΟΣΦΑΙΡΙΝΗ,414.72,mmol/L,123.95,03865719182
5,47553,"ΜΑΓΝΗΤΙΚΗ ΤΟΜΟΓΡΑΦΙΑ, ΦΑΣΜΑΤΟΣΚΟΠΙΑ ΕΝΌΣ ΟΡΓΑΝΟΥ",2025-02-22 11:12:00,"Result for ΜΑΓΝΗΤΙΚΗ ΤΟΜΟΓΡΑΦΙΑ, ΦΑΣΜΑΤΟΣ",256.37,cells/uL,484.97,84282417248
96,23735,ΑΝΕΝΕΡΓΟΣ,2024-07-08 04:22:00,Result for ΑΝΕΝΕΡΓΟΣ,132.33,g/dL,485.25,09986162299
474,21251,ΑΝΕΝΕΡΓΟΣ,2025-07-21 05:55:00,Result for ΑΝΕΝΕΡΓΟΣ,434.96,mmol/L,309.49,52866929662
371,66665,ΜΗ ΚΑΤΑΓΕΓΡΑΜΜΕΝΗ ΔΙΑΓΝΩΣΤΙΚΗ ΓΑΣΤΡΕΝΤΕΡΙΚΗ ΔΙΑΔΙΚΑΣΙΑ,2025-08-08 04:00:00,Result for ΜΗ ΚΑΤΑΓΕΓΡΑΜΜΕΝΗ ΔΙΑΓΝΩΣΤΙΚΗ ,134.34,mEq/L,42.48,89241418328
29,95188,TPS (TISSUE POLYPEPTIDE SPECIFIC ANTIGEN),2024-08-17 03:36:00,Result for TPS (TISSUE POLYPEPTIDE SPECIF,107.62,mEq/L,191.90,61793271040
400,62075,ΣΥΜΒΟΥΛΕΥΤΙΚΗ ΓΝΩΜΗ ΜΕ ΣΥΝΤΑΞΗ ΠΟΡΙΣΜΑΤΟΣ ΕΠΙ ΠΑΡΑΠΕΜΠΟΜΕΝΩΝ ΙΣΤΟΛΟΓΙΚΩΝ ΠΛΑΚΙΔΙΩΝ ΠΟΥ ΠΑΡΑΣΚΕΥΑΣΘΗΚ,2025-04-28 02:03:00,Result for ΣΥΜΒΟΥΛΕΥΤΙΚΗ ΓΝΩΜΗ ΜΕ ΣΥΝΤΑΞΗ,310.73,mEq/L,58.41,51401051238
325,53293,"ΑΝΤΙΣΤΡΕΠΤΟΛΥΣΙΝΗ 0, ΤΙΤΛΟΣ",2024-04-20 08:34:00,"Result for ΑΝΤΙΣΤΡΕΠΤΟΛΥΣΙΝΗ 0, ΤΙΤΛΟΣ",476.06,mg/dL,297.82,11823398454
377,85218,ΠΛΗΘΥΣΜΟΓΡΑΦΙΑ ΜΕ ΕΡΜΗΝΕΙΑ ΚΑΙ ΑΝΑΦΟΡΑ,2025-07-21 23:24:00,Result for ΠΛΗΘΥΣΜΟΓΡΑΦΙΑ ΜΕ ΕΡΜΗΝΕΙΑ ΚΑΙ,491.48,cells/uL,110.30,71324754691
91,31342,ΙΣΟΚΙΤΡΙΚΗ ΑΦΥΔΡΟΓΟΝΑΣΗ (IDH),2024-11-22 09:50:00,Result for ΙΣΟΚΙΤΡΙΚΗ ΑΦΥΔΡΟΓΟΝΑΣΗ (IDH),72.16,mEq/L,16.85,48149177850
427,58595,ΡΑΔΙΟΪΣΟΤΟΠΙΚΗ ΜΕΛΕΤΗ ΛΕΙΤΟΥΡΓΙΚΟΤΗΤΑΣ ΝΕΦΡΩΝ. ΠΡΟΣΔΙΟΡΙΣΜΟΣ ΡΥΘΜΟΥ ΣΠΕΙΡΑΜΑΤΙΚΗΣ ΔΙΗΘΗΣΗΣ (GFR),2024-07-11 03:06:00,Result for ΡΑΔΙΟΪΣΟΤΟΠΙΚΗ ΜΕΛΕΤΗ ΛΕΙΤΟΥΡΓ,266.83,mg/dL,27.37,24342661797
157,12879,"ΣΧΕΔΙΑΣΜΟΣ ΠΛΑΝΟΥ ΘΕΡΑΠΕΙΑΣ ΚΑΙ ΔΟΣΙΜΕΤΡΙΚΟΣ ΥΠΟΛΟΓΙΣΜΟΣ. ΜΕΣΑΙΟΣ (2 ΜΗ ΑΝΤΙΘΕΤΑ, Ή ΠΕΡΙΣΣΟΤΕΡΑ, ΜΗ-",2024-06-20 03:44:00,Result for ΣΧΕΔΙΑΣΜΟΣ ΠΛΑΝΟΥ ΘΕΡΑΠΕΙΑΣ ΚΑ,190.80,mg/dL,242.70,30756220863
77,45527,"ΛΙΠΟΣ Ή ΛΙΠΙΔΙΑ, ΚΟΠΡΑΝΑ. ΠΟΙΟΤΙΚΗ",2024-01-20 22:41:00,"Result for ΛΙΠΟΣ Ή ΛΙΠΙΔΙΑ, ΚΟΠΡΑΝΑ. ΠΟΙΟ",85.00,g/dL,391.73,09986162299
17,64047,ΑΚΤΙΝΟΓΡΑΦΙΑ ΘΩΡΑΚΑ ΛΟΡΔΩΤΙΚΗ ΠΡΟΒΟΛΗ,2024-08-17 12:57:00,Result for ΑΚΤΙΝΟΓΡΑΦΙΑ ΘΩΡΑΚΑ ΛΟΡΔΩΤΙΚΗ ,401.31,g/dL,44.34,83096520744
185,19150,EMPLEY,2025-07-04 18:01:00,Result for EMPLEY,5.09,ng/mL,243.14,24065965756
161,64192,ΑΝΙΧΝΕΥΣΗ ΓΕΝΕΤΙΚΟΥ ΥΛΙΚΟΥ NEISSERIA GONORRHOEAE ΜΕ ΤΕΧΝΙΚΗ ΑΜΕΣΟΥ ΑΝΙΧΝΕΥΤΗ (DNA PROBE),2024-09-12 15:15:00,Result for ΑΝΙΧΝΕΥΣΗ ΓΕΝΕΤΙΚΟΥ ΥΛΙΚΟΥ NEI,68.37,mg/dL,22.74,87431527420
237,73968,ΑΙΜΟΛΥΤΙΚΟΣ ΤΙΤΛΟΣ ΕΝΑΛΛΑΚΤΙΚΗΣ ΟΔΟΥ ΣΥΜΠΛΗΡΩΜΑΤΟΣ,2024-10-04 02:12:00,Result for ΑΙΜΟΛΥΤΙΚΟΣ ΤΙΤΛΟΣ ΕΝΑΛΛΑΚΤΙΚΗ,376.34,mg/dL,330.63,24342661797
88,80257,"ΑΠΟΜΟΝΩΣΗ ΓΕΝΕΤΙΚΟΥ ΥΛΙΚΟΥ (DNA, RNA)",2025-01-31 06:34:00,Result for ΑΠΟΜΟΝΩΣΗ ΓΕΝΕΤΙΚΟΥ ΥΛΙΚΟΥ (DN,406.52,mg/dL,374.19,48902503926
242,48048,"ΕΜΒΟΛΙΟ ΕΝΑΝΤΙ ΤΟΥ ΑΙΜΟΦΙΛΟΥ ΤΗΣ ΙΝΦΛΟΥΕΝΤΖΑΣ Β (HIB), ΣΥΝΕΖΕΥΓΜΕΝΟ ΜΕ HBOC (ΣΧΗΜΑ 4 ΔΟΣΕΩΝ) ΓΙΑ ΕΝΔ",2025-09-13 15:09:00,Result for ΕΜΒΟΛΙΟ ΕΝΑΝΤΙ ΤΟΥ ΑΙΜΟΦΙΛΟΥ Τ,92.90,mg/dL,404.09,30047868633
130,1735,ΑΝΙΧΝΕΥΣΗ ΓΕΝΕΤΙΚΟΥ ΥΛΙΚΟΥ CHLAMYDOPHILA PNEUMONIAE ΜΕ ΤΕΧΝΙΚΗ ΑΜΕΣΟΥ ΑΝΙΧΝΕΥΤΗ (DNA PROBE),2024-03-15 23:26:00,Result for ΑΝΙΧΝΕΥΣΗ ΓΕΝΕΤΙΚΟΥ ΥΛΙΚΟΥ CHL,396.19,ng/mL,64.37,41541520643
86,21251,ΑΝΕΝΕΡΓΟΣ,2025-09-29 00:29:00,Result for ΑΝΕΝΕΡΓΟΣ,128.49,U/L,209.46,99702462996
75,5618,ΑΝΕΝΕΡΓΟΣ,2025-04-13 09:54:00,Result for ΑΝΕΝΕΡΓΟΣ,393.28,g/dL,100.00,52909656101
74,21787,ΑΝΙΧΝΕΥΣΗ ΑΝΤΙΓΟΝΟΥ ΙΟΥ ΤΗΣ ΓΡΙΠΗΣ ΤΥΠΟΥ Β,2024-07-09 00:09:00,Result for ΑΝΙΧΝΕΥΣΗ ΑΝΤΙΓΟΝΟΥ ΙΟΥ ΤΗΣ ΓΡ,171.23,U/L,456.57,28364408926
139,53293,"ΑΝΤΙΣΤΡΕΠΤΟΛΥΣΙΝΗ 0, ΤΙΤΛΟΣ",2025-11-01 23:01:00,"Result for ΑΝΤΙΣΤΡΕΠΤΟΛΥΣΙΝΗ 0, ΤΙΤΛΟΣ",291.71,mEq/L,373.53,11907903067
229,85634,"ΑΝΟΣΟΦΑΙΝΟΤΥΠΟΣ ΚΥΤΤΑΡΩΝ ΜΥΕΛΟΥ ΤΩΝ ΟΣΤΩΝ, (ΑΝΑ ΜΟΝΟΚΛΩΝΙΚΟ CD)",2025-11-05 19:01:00,Result for ΑΝΟΣΟΦΑΙΝΟΤΥΠΟΣ ΚΥΤΤΑΡΩΝ ΜΥΕΛΟ,104.20,g/dL,216.13,21851569154
321,46612,ΔΙΑΔΙΚΑΣΙΑ ΑΙΜΟΚΑΘΑΡΣΗΣ ΠΟΥ ΑΠΑΙΤΕΙ ΕΠΑΝΕΙΛΗΜΜΕΝΗ(ΕΣ) ΑΞΙΟΛΟΓΗΣH(ΕΙΣ) ΜΕ Ή ΧΩΡΙΣ ΟΥΣΙΑΣΤΙΚΗ ΑΝΑΘΕΩΡΗ,2025-03-18 07:59:00,Result for ΔΙΑΔΙΚΑΣΙΑ ΑΙΜΟΚΑΘΑΡΣΗΣ ΠΟΥ ΑΠ,65.36,cells/uL,48.66,89241418328
239,45631,ΕΜΦΥΤΕΥΣΗ ΑΜΦΙΚΟΙΛΙΑΚΟΥ ΒΗΜΑΤΟΔΟΤΗ Ή/ΚΑΙ ΑΠΙΝΙΔΙΣΤΗ,2025-03-01 17:01:00,Result for ΕΜΦΥΤΕΥΣΗ ΑΜΦΙΚΟΙΛΙΑΚΟΥ ΒΗΜΑΤΟ,485.26,g/dL,142.47,84282417248
177,35498,ΥΠΟΛΟΓΙΣΤΙΚΑ ΥΠΟΒΟΗΘΟΥΜΕΝΗ ΑΝΙΧΝΕΥΣΗ (ΑΛΓΟΡΙΘΜΙΚΗ ΑΝΑΛΥΣΗ ΔΕΔΟΜΕΝΩΝ ΨΗΦΙΑΚΗΣ ΕΙΚΟΝΑΣ ΣΕ ΥΠΟΛΟΓΙΣΤΗ Γ,2025-02-15 11:07:00,Result for ΥΠΟΛΟΓΙΣΤΙΚΑ ΥΠΟΒΟΗΘΟΥΜΕΝΗ ΑΝΙ,191.19,g/dL,61.83,89241418328
295,39571,ΑΝΙΧΝΕΥΣΗ ΓΕΝΕΤΙΚΟΥ ΥΛΙΚΟΥ ΙΟΥ ΗΠΑΤΙΤΙΔΟΣ G ΜΕ ΤΕΧΝΙΚΗ ΑΜΕΣΟΥ ΑΝΙΧΝΕΥΤΗ (DNA PROBE),2024-06-05 18:59:00,Result for ΑΝΙΧΝΕΥΣΗ ΓΕΝΕΤΙΚΟΥ ΥΛΙΚΟΥ ΙΟΥ,420.81,g/dL,404.66,93638546785
277,16637,ΠΡΟΣΔΙΟΡΙΣΜΟΣ ΔΡΑΣΤΗΚΟΤΗΤΑΣ ΠΑΡΑΓΟΝΤΑ X (FX),2024-02-09 09:46:00,Result for ΠΡΟΣΔΙΟΡΙΣΜΟΣ ΔΡΑΣΤΗΚΟΤΗΤΑΣ ΠΑ,303.36,cells/uL,135.10,03865719182
285,15926,BDNF (BRAIN DRIVE NEUROTROPHIC FACTOR),2025-10-05 13:08:00,Result for BDNF (BRAIN DRIVE NEUROTROPHIC,107.03,cells/uL,499.57,88317121003
465,27506,ΜΑΓΝΗΤΙΚΗ ΤΟΜΟΓΡΑΦΙΑ ΙΕΡΟΚΟΚΚΥΓΙΚΗΣ ΜΟΙΡΑΣ ΣΠΟΝΔΥΛΙΚΗΣ ΣΤΗΛΗΣ ΜΕ ΣΚΙΑΓΡΑΦΙΚΟ(Α) ΥΛΙΚΟ(Α),2024-09-04 08:19:00,Result for ΜΑΓΝΗΤΙΚΗ ΤΟΜΟΓΡΑΦΙΑ ΙΕΡΟΚΟΚΚΥ,228.15,mg/dL,260.47,08330165712
119,47959,ΕΛΕΓΧΟΣ ΕΞΑΣΘΕΝΗΣΗΣ ΠΡΟΣΤΑΣΙΑΣ ΤΟΥ ΑΥΤΙΟΥ,2024-12-26 02:36:00,Result for ΕΛΕΓΧΟΣ ΕΞΑΣΘΕΝΗΣΗΣ ΠΡΟΣΤΑΣΙΑΣ,54.86,mg/dL,250.44,09993476870
318,42667,ΑΝΕΝΕΡΓΟΣ,2024-09-28 13:19:00,Result for ΑΝΕΝΕΡΓΟΣ,21.90,cells/uL,289.93,86289023303
372,92723,"ΘΕΡΑΠΕΙΑ ΤΡΑΥΜΑΤΟΣ ΑΡΝΗΤΙΚΗΣ ΠΙΕΣΗΣ (Π.Χ. ΠΑΡΟΧΕΤΕΥΣΗ ΜΕ ΤΗ ΒΟΗΘΕΙΑ ΑΡΝΗΤΙΚΗΣ ΠΙΕΣΗΣ), ΣΥΜΠΕΡΙΛΑΜΒΑΝ",2025-10-24 12:38:00,Result for ΘΕΡΑΠΕΙΑ ΤΡΑΥΜΑΤΟΣ ΑΡΝΗΤΙΚΗΣ Π,480.98,g/dL,418.47,86938068687
403,92032,"ΣΧΕΔΙΑΣΜΟΣ ΔΟΜΩΝ ΕΝΔΙΑΦΕΡΟΝΤΟΣ AKTINOΘΕΡΑΠΕΙΑΣ, ΣΥΝΘΕΤOΣ (ΔΙΑΜΟΡΦΟΥΜΕΝΗΣ ΕΝΤΑΣΗΣ)",2024-12-05 17:17:00,Result for ΣΧΕΔΙΑΣΜΟΣ ΔΟΜΩΝ ΕΝΔΙΑΦΕΡΟΝΤΟΣ,254.98,mEq/L,230.03,51627136111
487,17759,ΣΠΙΝΘΗΡΟΓΡΑΦΗΜΑ ΝΕΥΡΩΣΗΣ ΜΥΟΚΑΡΔΙΟΥ. ΤΟΜΟΓΡΑΦΙΚΕΣ ΛΗΨΕΙΣ (SPECT).,2024-04-05 03:14:00,Result for ΣΠΙΝΘΗΡΟΓΡΑΦΗΜΑ ΝΕΥΡΩΣΗΣ ΜΥΟΚΑ,287.08,cells/uL,166.09,26841459332
222,99231,ΑΝΕΝΕΡΓΟΣ,2024-10-10 00:10:00,Result for ΑΝΕΝΕΡΓΟΣ,33.05,g/dL,107.66,78886101581
373,92961,ΔΙΑΔΙΚΑΣΙΑ ΑΦΑΛΑΤΩΣΗΣ ΑΝΕΞΑΡΤΗΤΩΣ ΟΡΓΑΝΟΥ (ΚΑΤΑΓΡΑΦΕΤΑΙ ΞΕΧΩΡΙΣΤΑ ΕΠΙΠΛΕΟΝ ΤΟΥ ΚΩΔΙΚΟΥ ΤΗΣ ΑΝΤΙΣΤΟΙΧ,2025-09-08 04:55:00,Result for ΔΙΑΔΙΚΑΣΙΑ ΑΦΑΛΑΤΩΣΗΣ ΑΝΕΞΑΡΤΗ,7.37,%,10.73,52157043315
107,57735,"ΑΝΙΧΝΕΥΣΗ ΓΕΝΕΤΙΚΟΥ ΥΛΙΚΟΥ ΜΙΚΡΟΟΡΓΑΝΙΣΜΩΝ ΠΟΥ ΔΕΝ ΑΝΑΦΕΡΟΝΤΑΙ ΑΛΛΟΥ, ΣΕ ΚΛΙΝΙΚΑ ΔΕΙΓΜΑΤΑ ΜΕ ΤΗ ΜΕΘΟ",2024-08-17 00:01:00,Result for ΑΝΙΧΝΕΥΣΗ ΓΕΝΕΤΙΚΟΥ ΥΛΙΚΟΥ ΜΙΚ,274.32,cells/uL,131.85,24342661797
150,83150,"ΜΑΓΝΗΤΙΚΟΣ ΔΙΑΧΩΡΙΣΜΟΣ ΚΥΤΤΑΡΩΝ ΣΕ ΚΥΤΤΑΡΟΛΟΓΙΚΑ ΥΛΙΚΑ, ΠΕΡΙΦΕΡΙΚΟ ΑΙΜΑ, ΑΝΑΡΡΟΦΗΜΑΤΑ ΜΥΕΛΟΥ ΟΣΤΩΝ",2025-08-20 18:07:00,Result for ΜΑΓΝΗΤΙΚΟΣ ΔΙΑΧΩΡΙΣΜΟΣ ΚΥΤΤΑΡΩ,306.13,mg/dL,262.92,03865719182
293,80257,"ΑΠΟΜΟΝΩΣΗ ΓΕΝΕΤΙΚΟΥ ΥΛΙΚΟΥ (DNA, RNA)",2025-08-17 08:07:00,Result for ΑΠΟΜΟΝΩΣΗ ΓΕΝΕΤΙΚΟΥ ΥΛΙΚΟΥ (DN,203.16,mg/dL,21.34,86289023303
489,85926,"ΑΝΙΧΝΕΥΣΗ ΜΕΤΑΛΛΑΞΕΩΝ ΚΙΤ ΣΕ ΙΣΤΟΛΟΓΙΚΟ ΥΛΙΚΟ ΓΙΑ ΤΗ ΔΙΑΠΙΣΤΩΣΗ ΕΥΑΙΣΘΗΣΙΑΣ ΣΤΟ GLEEVEC, ΕΞΩΝΙΑ 9 & ",2025-04-04 23:40:00,Result for ΑΝΙΧΝΕΥΣΗ ΜΕΤΑΛΛΑΞΕΩΝ ΚΙΤ ΣΕ Ι,76.22,U/L,78.04,28364408926
254,83150,"ΜΑΓΝΗΤΙΚΟΣ ΔΙΑΧΩΡΙΣΜΟΣ ΚΥΤΤΑΡΩΝ ΣΕ ΚΥΤΤΑΡΟΛΟΓΙΚΑ ΥΛΙΚΑ, ΠΕΡΙΦΕΡΙΚΟ ΑΙΜΑ, ΑΝΑΡΡΟΦΗΜΑΤΑ ΜΥΕΛΟΥ ΟΣΤΩΝ",2025-05-05 18:43:00,Result for ΜΑΓΝΗΤΙΚΟΣ ΔΙΑΧΩΡΙΣΜΟΣ ΚΥΤΤΑΡΩ,266.01,ng/mL,372.61,24065965756
317,10952,"ΑΞΟΝΙΚΗ ΤΟΜΟΓΡΑΦΙΑ, ΘΩΡΑΚΙΚΗΣ ΜΟΙΡΑΣ ΣΠΟΝΔΥΛΙΚΗΣ ΣΤΗΛΗΣ, ΧΩΡΙΣ ΣΚΙΑΓΡΑΦΙΚΟ ΥΛΙΚΟ",2025-06-29 17:50:00,"Result for ΑΞΟΝΙΚΗ ΤΟΜΟΓΡΑΦΙΑ, ΘΩΡΑΚΙΚΗΣ ",366.55,mEq/L,276.23,26841459332
432,34393,ΔΥΝΑΜΙΚΗ ΑΚΤΙΝΟΣΚΟΠΗΣΗ ΕΚΤΙΜΗΣΗΣ ΤΗΣ ΛΕΙΤΟΥΡΓΙΑΣ ΚΑΤΑΠΟΣΗΣ ΜΕ ΚΑΤΑΓΡΑΦΗ,2025-04-01 15:16:00,Result for ΔΥΝΑΜΙΚΗ ΑΚΤΙΝΟΣΚΟΠΗΣΗ ΕΚΤΙΜΗΣ,194.32,mg/dL,34.82,11907903067
472,45234,ΔΙΕΓΧΕΙΡΗΤΙΚΗ Ή ΜΕΤΕΓΧΕΙΡΗΤΙΚΗ ΔΙΑΣΩΣΗ ΑΙΜΑΤΟΣ ΓΙΑ ΑΥΤΟΛΟΓΗ ΜΕΤΑΓΓΙΣΗ,2025-05-12 08:43:00,Result for ΔΙΕΓΧΕΙΡΗΤΙΚΗ Ή ΜΕΤΕΓΧΕΙΡΗΤΙΚΗ,109.64,cells/uL,68.18,83096520744
50,35994,"ΑΝΙΧΝΕΥΣΗ ΜΕΤΑΛΛΑΞΕΩΝ EGFR ΣΕ ΥΛΙΚΟ ΥΓΡΗΣ ΒΙΟΨΙΑΣ ΓΙΑ ΤΗ ΔΙΑΠΙΣΤΩΣΗ ΕΥΑΙΣΘΗΣΙΑΣ ΣΕ EGFR-TKIs, ΕΞΩΝΙΑ",2024-06-25 03:33:00,Result for ΑΝΙΧΝΕΥΣΗ ΜΕΤΑΛΛΑΞΕΩΝ EGFR ΣΕ ,441.20,%,55.31,60937966033
310,21787,ΑΝΙΧΝΕΥΣΗ ΑΝΤΙΓΟΝΟΥ ΙΟΥ ΤΗΣ ΓΡΙΠΗΣ ΤΥΠΟΥ Β,2024-05-01 22:16:00,Result for ΑΝΙΧΝΕΥΣΗ ΑΝΤΙΓΟΝΟΥ ΙΟΥ ΤΗΣ ΓΡ,164.93,g/dL,382.02,71324754691
493,73742,"ΓΟΝΑΔΟΤΡΟΠΙΝΗ, ΧΟΡΙΟΝΙΚΗ (HCG), ΠΟΣΟΤΙΚΗ Β-ΥΠΟΜΟΝΑΔΑ",2025-06-27 06:40:00,"Result for ΓΟΝΑΔΟΤΡΟΠΙΝΗ, ΧΟΡΙΟΝΙΚΗ (HCG)",129.96,mg/dL,43.52,54589297500
105,81676,"ΑΦΑΙΡΕΣΗ ΝΕΚΡΩΤΙΚΟΥ ΙΣΤΟΥ ΑΠΟ ΤΡΑΥΜΑ/-ΤΑ, ΕΠΙΛΕΚΤΙΚΟΣ ΧΕΙΡΟΥΡΓΙΚΟΣ ΚΑΘΑΡΙΣΜΟΣ, ΧΩΡΙΣ ΑΝΑΙΣΘΗΣΙΑ (Π.Χ",2025-10-26 08:26:00,Result for ΑΦΑΙΡΕΣΗ ΝΕΚΡΩΤΙΚΟΥ ΙΣΤΟΥ ΑΠΟ ,205.62,ng/mL,167.61,51627136111
484,81979,"ΑΝΙΧΝΕΥΣΗ ΣΥΝΔΕΣΗΣ ΑΥΤΟΑΝΤΙΓΟΝΩΝ ΜΕ IGG, IGA, IGM (ΑΜΕΣΟΣ ΑΝΟΣΟΦΘΟΡΙΣΜΟΣ)",2024-06-05 08:18:00,Result for ΑΝΙΧΝΕΥΣΗ ΣΥΝΔΕΣΗΣ ΑΥΤΟΑΝΤΙΓΟΝ,291.04,mEq/L,432.98,57972798552
222,99231,ΑΝΕΝΕΡΓΟΣ,2024-10-10 01:06:00,Result for ΑΝΕΝΕΡΓΟΣ,29.37,g/dL,140.83,09993476870
330,47570,ΠΡΟΣΔΙΟΡΙΣΜΟΣ ΕΙΔΙΚΩΝ IgG ΑΝΤΙΣΩΜAΤΩΝ ΚΑΤΑ BORRELIA BURGDORFERI (ΝΟΣΟΣ LYME),2024-10-05 02:44:00,Result for ΠΡΟΣΔΙΟΡΙΣΜΟΣ ΕΙΔΙΚΩΝ IgG ΑΝΤΙ,253.55,g/dL,329.78,38026206724
263,954,ΑΝΙΧΝΕΥΣΗ ΓΕΝΕΤΙΚΟΥ ΥΛΙΚΟΥ GARDNERELLA VAGINALIS ΜΕ PCR ΚΑΙ ΤΑΥΤΟΠΟΙΗΣΗ ΠΡΟΪΟΝΤΟΣ ΜΕ ΑΛΛΗΛΟΥΧΟΠΟΙΗΣΗ,2025-08-09 09:00:00,Result for ΑΝΙΧΝΕΥΣΗ ΓΕΝΕΤΙΚΟΥ ΥΛΙΚΟΥ GAR,74.73,cells/uL,78.96,78759856420
272,27506,ΜΑΓΝΗΤΙΚΗ ΤΟΜΟΓΡΑΦΙΑ ΙΕΡΟΚΟΚΚΥΓΙΚΗΣ ΜΟΙΡΑΣ ΣΠΟΝΔΥΛΙΚΗΣ ΣΤΗΛΗΣ ΜΕ ΣΚΙΑΓΡΑΦΙΚΟ(Α) ΥΛΙΚΟ(Α),2024-12-16 15:16:00,Result for ΜΑΓΝΗΤΙΚΗ ΤΟΜΟΓΡΑΦΙΑ ΙΕΡΟΚΟΚΚΥ,344.44,g/dL,239.11,65827109104
405,71766,ΚΑΛΛΙΕΡΓΕΙΑ ΟΥΡΩΝ ΜΕ ΑΞΙΟΛΟΓΗΣΗ ΑΠΟΙΚΙΩΝ ΣΕ ΑΥΤΟΜΑΤΟ ΑΝΑΛΥΤΗ,2024-05-17 13:19:00,Result for ΚΑΛΛΙΕΡΓΕΙΑ ΟΥΡΩΝ ΜΕ ΑΞΙΟΛΟΓΗΣ,79.97,U/L,178.78,89241418328
233,53703,ΟΞΥΜΕΤΡΙΑ ΚΑΤΑ ΤΟΝ ΥΠΝΟ,2025-05-12 02:10:00,Result for ΟΞΥΜΕΤΡΙΑ ΚΑΤΑ ΤΟΝ ΥΠΝΟ,309.92,g/dL,280.31,38026206724
